analysis date,description,sample date,sample ID,Sample T⁰C,Sample Depth,Sample Salinity (ppt),alk (µeq/kg),TCO2 (µmol/kg),pco2_in situ (µatm),co2aq (µmol/kg),bicarb (µmol/kg),co3 (µmol/kg),pHt,omega-C,omega-A
11/28/2017,T4,2016-12-13,T4_2_(1)_13Dec2016_103m,6.9,103,32.6,2141.93,2026.74,457.28,22.6,1914.59,89.55,7.96,2.062,1.333
11/28/2017,T4,2016-12-13,T4_2_(2)_13Dec2016_103m,6.9,103,32.6,2166.66,2004.88,335.8,16.6,1871.74,116.55,8.085,2.684,1.735
11/28/2017,T4,2016-12-13,T4_2_(3)_13Dec2016_103m,6.9,103,32.6,2145.14,2010.51,397.74,19.66,1890.47,100.38,8.015,2.311,1.495
11/28/2017,T4,2016-12-13,T4_4_(1)_13Dec2016_0m,6.9,0,32.5,2142.74,2064.65,611.74,30.26,1963.87,70.53,7.85,1.659,1.071
11/28/2017,T4,2016-12-13,T4_4_(2)_13Dec2016_0m,6.9,0,32.5,2131.82,2046.34,571.87,28.28,1944.12,73.93,7.875,1.739,1.123
11/28/2017,T4,2016-12-13,T4_4_(3)_13Dec2016_0m,6.9,0,32.5,2126.52,2027,509.5,25.2,1920.8,81,7.92,1.905,1.23
11/28/2017,T4,2016-12-13,T4_7_(1)_13Dec2016_0m,6.6,0,32.4,2161.12,2027.5,398.78,19.94,1907.14,100.41,8.022,2.364,1.526
11/28/2017,T4,2016-12-13,T4_7_(2)_13Dec2016_0m,6.6,0,32.4,2149.41,2028.85,434.56,21.73,1914.28,92.84,7.986,2.185,1.41
11/28/2017,T4,2016-12-13,T4_7_(3)_13Dec2016_0m,6.6,0,32.4,2164.92,2017.98,364.39,18.22,1891.64,108.11,8.058,2.545,1.642
11/28/2017,T9,2016-12-13,T9_1_(1)_13Dec2016_0m,6.7,0,32.5,2165.72,2023.67,379.74,18.91,1899.46,105.3,8.042,2.477,1.599
11/28/2017,T9,2016-12-13,T9_1_(2)_13Dec2016_0m,6.7,0,32.5,2147.23,2030.22,448.48,22.34,1917.06,90.82,7.973,2.136,1.379
11/28/2017,T9,2016-12-13,T9_1_(3)_13Dec2016_0m,6.7,0,32.5,2160,2017.46,376.81,18.77,1893.26,105.43,8.044,2.48,1.601
12/7/2017,T9,2017-01-11,T9_1_(1)_11Jan2017_0m,4.4,0,32.2,2192.63,2130.38,643.41,34.85,2032.07,63.47,7.835,1.498,0.963
12/7/2017,T9,2017-01-11,T9_1_(2)_11Jan2017_0m,4.4,0,32.2,2189.63,2112.46,567.25,30.72,2011.22,70.53,7.885,1.664,1.069
12/7/2017,T9,2017-01-11,T9_1_(3)_11Jan2017_0m,4.4,0,32.2,2140.55,2131.1,997.51,54.02,2035.98,41.1,7.645,0.97,0.623
12/13/2017,T9,2017-01-11,T9_6_(1)_11Jan2017_101m,4.9,101,32.1,2197.28,2146.79,725.94,38.63,2049.87,58.29,7.783,1.348,0.869
12/13/2017,T9,2017-01-11,T9_6_(2)_11Jan2017_101m,4.9,101,32.1,2186,2089.22,492.36,26.2,1982.62,80.4,7.937,1.86,1.198
12/13/2017,T9,2017-01-11,T9_6_(3)_11Jan2017_101m,4.9,101,32.1,2149.12,2071.56,561.24,29.87,1971.91,69.77,7.878,1.614,1.04
12/13/2017,T9,2017-01-11,T9_6_(1)_11Jan2017_0m,4.6,0,31.8,2184.84,2096.43,515.93,27.81,1992.44,76.19,7.923,1.804,1.16
12/13/2017,T9,2017-01-11,T9_6_(2)_11Jan2017_0m,4.6,0,31.8,2142.06,2078.61,618.11,33.31,1982.35,62.95,7.843,1.49,0.958
12/13/2017,T9,2017-01-11,T9_6_(3)_11Jan2017_0m,4.6,0,31.8,2119.18,2068.98,684.8,36.91,1975.63,56.44,7.797,1.336,0.859
12/7/2017,T9,2017-02-07,T9_10_(1)_7Feb2017_0m,2,0,31.3,2172.8,2076.5,424.01,25.24,1971.85,79.41,7.995,1.889,1.209
12/7/2017,T9,2017-02-07,T9_10_(2)_7Feb2017_0m,2,0,31.3,2120.99,2002.89,345.04,20.54,1892.47,89.89,8.067,2.139,1.368
12/7/2017,T9,2017-02-07,T9_10_(3)_7Feb2017_0m,2,0,31.3,2148.78,2048.42,403.92,24.04,1943.41,80.97,8.01,1.927,1.233
12/7/2017,T9,2017-02-07,T9_6_7Feb2017_98m,4.5,98,32.4,2159.06,2058.5,464.77,25.05,1951.93,81.52,7.954,1.882,1.211
12/13/2017,T9,2017-02-07,T9_6_(1)_7Feb2017_0m,2.5,0,32,2151.28,2065.02,471.2,27.41,1963.95,73.66,7.948,1.742,1.116
12/13/2017,T9,2017-02-07,T9_6_(2)_7Feb2017_0m,2.5,0,32,2138.42,2010.72,338.72,19.7,1895.56,95.46,8.076,2.258,1.446
12/13/2017,T9,2017-02-07,T9_6_(3)_7Feb2017_0m,2.5,0,32,2132.5,2002.82,332.36,19.33,1887.07,96.42,8.083,2.281,1.46
12/13/2017,T9,2017-02-07,T9_1_(1)_7Feb2017_0m,3.6,0,32.3,2151.17,2038.93,405.83,22.62,1928.84,87.48,8.009,2.063,1.324
12/13/2017,T9,2017-02-07,T9_1_(2)_7Feb2017_0m,3.6,0,32.3,2152.43,2035.15,391.04,21.79,1923.11,90.25,8.024,2.128,1.366
12/13/2017,T9,2017-02-07,T9_1_(3)_7Feb2017_0m,3.6,0,32.3,2147.2,2042.39,428.43,23.88,1935.11,83.4,7.987,1.967,1.262
12/14/2017,T9,2017-03-28,T9_1_(1)_28Mar2017_0m,3.2,0,33,2187.75,2291.38,2348.16,132.27,2140.56,18.54,7.289,0.435,0.279
12/14/2017,T9,2017-03-28,T9_1_(2)_28Mar2017_0m,3.2,0,33,2138.88,2040.91,449.23,25.31,1936.31,79.3,7.964,1.86,1.193
12/14/2017,T9,2017-03-28,T9_1_(3)_28Mar2017_0m,3.2,0,33,2165.54,2166.49,1066.35,60.07,2068.3,38.12,7.617,0.894,0.573
12/14/2017,T9,2017-03-28,T9_6_(1)_28Mar2017_0m,3.3,0,32.9,2159.73,2078.96,523.98,29.42,1978.37,71.16,7.907,1.67,1.071
12/14/2017,T9,2017-03-28,T9_6_(3)_28Mar2017_0m,3.3,0,32.9,2167.64,2046.7,385.5,21.65,1932.74,92.32,8.03,2.167,1.39
12/14/2017,T9,2017-03-28,T9_6_(1)_28Mar2017_104m,3.3,0,33.2,2175.86,2314.94,2898.5,162.48,2137.35,15.11,7.197,0.354,0.227
12/14/2017,T9,2017-03-28,T9_6_(2)_28Mar2017_104m,3.4,104,33.2,2231.45,2305.56,1963.05,109.64,2172.85,23.08,7.369,0.529,0.34
12/14/2017,T9,2017-03-28,T9_6_(3)_28Mar2017_104m,3.4,104,33.2,2323.56,2341.52,1311.7,73.26,2231.82,36.44,7.556,0.835,0.536
12/14/2017,T9,2017-03-28,T9_10_(1)_28Mar2017_0m,3,104,32.7,2204.73,2299.51,2200.4,125.1,2154.75,19.66,7.315,0.452,0.29
12/14/2017,T9,2017-03-28,T9_10_(2)_28Mar2017_0m,2.8,0,32.7,2242.63,2335,2162.06,123.84,2190.6,20.56,7.334,0.484,0.31
12/14/2017,T9,2017-03-28,T9_10_(3)_28Mar2017_0m,2,0,32.7,2247.63,2319.23,1821.59,107.52,2188.27,23.44,7.405,0.552,0.353
12/14/2017,T4,2017-04-20,T4_7_(1)_20Apr2017_0m,2.8,0,32.7,2116.71,1925,223.09,12.78,1780.57,131.65,8.231,3.096,1.984
12/14/2017,T4,2017-04-20,T4_7_(2)_20Apr2017_0m,6.1,0,32.7,2146.63,1907.64,200.44,10.18,1734.94,162.51,8.278,3.816,2.461
12/14/2017,T4,2017-04-20,T4_7_(3)_20Apr2017_0m,6.1,0,32.7,2141.81,1897.87,194.12,9.86,1722.58,165.43,8.288,3.885,2.505
12/19/2017,T4,2017-04-20,T4_4_(1)_20Apr2017_0m,6,0,32.8,2192.01,1981.68,245.47,12.51,1823.02,146.15,8.211,3.429,2.211
12/19/2017,T4,2017-04-20,T4_4_(2)_20Apr2017_0m,6,0,32.8,2185.57,1976.05,245.3,12.5,1818.09,145.46,8.21,3.413,2.2
12/19/2017,T4,2017-04-20,T4_4_(3)_20Apr2017_0m,6,0,32.8,2138.91,1935.85,245,12.48,1783.25,140.11,8.202,3.288,2.119
12/19/2017,T4,2017-04-20,T4_2_(1)_20Apr2017_0m,6,0,32.8,2173.81,2006.92,316.25,16.12,1871.28,119.52,8.112,2.804,1.808
12/19/2017,T4,2017-04-20,T4_2_(2)_20Apr2017_0m,6,0,32.8,2167.93,2004.08,321.1,16.36,1870.14,117.58,8.105,2.759,1.778
12/19/2017,T4,2017-04-20,T4_2_(3)_20Apr2017_0m,6,0,32.8,2154.02,1996.91,332.11,16.92,1866.72,113.26,8.09,2.658,1.713
12/19/2017,T4,2017-04-20,T4_2_(1)_20Apr2017_98m,4,98,33,2175.42,2029.4,334.84,18.31,1904.56,106.52,8.083,2.448,1.574
12/19/2017,T4,2017-04-20,T4_2_(2)_20Apr2017_98m,4,98,33,2168.11,2027.27,345.17,18.88,1905.01,103.39,8.07,2.375,1.527
12/19/2017,T4,2017-04-20,T4_2_(3)_20Apr2017_98m,4,98,33,2171.75,2019.87,320.83,17.55,1892.55,109.78,8.099,2.522,1.622
12/27/2017,T9,2017-04-20,T9_1_(1)_20Apr2017_0m,6.1,0,31.7,2082.67,1912.62,280.4,14.33,1778.66,119.64,8.144,2.833,1.827
12/27/2017,T9,2017-04-20,T9_1_(2)_20Apr2017_0m,6.1,0,31.7,2094.16,1907.23,253.81,12.97,1764.23,130.04,8.184,3.079,1.986
12/27/2017,T9,2017-04-20,T9_1_(3)_20Apr2017_0m,6.1,0,31.7,2093.58,1904.9,250.87,12.82,1761,131.08,8.188,3.104,2.001
12/27/2017,T9,2017-04-20,T9_6_(1)_20Apr2017_0m,5.8,0,31.8,2078.03,1891.94,249.03,12.86,1750.21,128.88,8.187,3.05,1.965
12/27/2017,T9,2017-04-20,T9_6_(2)_20Apr2017_0m,5.8,0,31.8,2093.35,1917.32,269.21,13.9,1780.1,123.32,8.161,2.918,1.88
12/27/2017,T9,2017-04-20,T9_6_(3)_20Apr2017_0m,5.8,0,31.8,2116.81,1887.15,197.92,10.22,1720.28,156.66,8.28,3.707,2.389
12/27/2017,T9,2017-04-20,T9_6_(1)_20Apr2017_101m,4,101,33.1,2227.11,2071,326.13,17.83,1939.52,113.64,8.102,2.607,1.677
12/27/2017,T9,2017-04-20,T9_6_(2)_20Apr2017_101m,4,101,33.1,2206.53,2062.16,347.55,19,1936.82,106.34,8.074,2.44,1.569
12/27/2017,T9,2017-04-20,T9_6_(3)_20Apr2017_101m,4,101,33.1,2242.31,2135.56,466.56,25.5,2023.58,86.47,7.965,1.984,1.276
12/27/2017,T9,2017-04-20,T9_10_(1)_20Apr2017_0m,6,0,32,2029.03,1877.73,305.78,15.65,1755.1,106.97,8.1,2.527,1.629
12/27/2017,T9,2017-04-20,T9_10_(2)_20Apr2017_0m,6,0,32,2030.08,1854.58,259.53,13.29,1720.22,121.07,8.162,2.86,1.844
12/27/2017,T9,2017-04-20,T9_10_(3)_20Apr2017_0m,6,0,32,2037.54,1852.07,244.78,12.53,1712.34,127.19,8.186,3.004,1.937
12/28/2017,T9,2017-05-30,T9_1_(1)_30May2017_0m,8.8,0,29.7,2064.94,1907.84,321.04,15.12,1778.79,113.94,8.097,2.746,1.78
12/28/2017,T9,2017-05-30,T9_1_(2)_30May2017_0m,8.8,0,29.7,2060.91,1898.69,308.89,14.55,1767.26,116.89,8.111,2.817,1.826
12/28/2017,T9,2017-05-30,T9_1_(3)_30May2017_0m,8.8,0,29.7,2084.03,1904,279.85,13.18,1762.5,128.32,8.153,3.093,2.004
12/28/2017,T9,2017-05-30,T9_6_(1)_30May2017_0m,8.9,0,30.7,2067.32,1897.18,303.79,14.18,1762.01,120.99,8.116,2.891,1.874
12/28/2017,T9,2017-05-30,T9_6_(2)_30May2017_0m,8.9,0,30.7,2053.47,1892.26,318.83,14.88,1762.09,115.29,8.095,2.754,1.785
12/28/2017,T9,2017-05-30,T9_6_(3)_30May2017_0m,8.9,0,30.7,2064.33,1909.29,335.68,15.66,1781.67,111.96,8.077,2.675,1.734
12/28/2017,T9,2017-05-30,T9_6_(1)_30May2017_95m,5.9,95,32.8,2173.98,2013.9,328.85,16.82,1881.76,115.32,8.093,2.655,1.713
12/28/2017,T9,2017-05-30,T9_6_(2)_30May2017_95m,5.9,95,32.8,2181.7,2015.03,316.87,16.2,1879.45,119.38,8.108,2.749,1.774
12/28/2017,T9,2017-05-30,T9_6_(3)_30May2017_95m,5.9,95,32.8,2177.96,2015.44,324.63,16.6,1882,116.85,8.098,2.69,1.736
12/28/2017,T9,2017-05-30,T9_10_(1)_30May2017_0m,8.1,0,31.1,2090.61,1922.74,307.23,14.7,1788.34,119.71,8.114,2.849,1.844
12/28/2017,T9,2017-05-30,T9_10_(2)_30May2017_0m,8.1,0,31.1,2100.62,1923.76,292.07,13.97,1784.42,125.37,8.135,2.984,1.931
12/28/2017,T9,2017-05-30,T9_10_(3)_30May2017_0m,8.1,0,31.1,2096.23,1929.7,311.44,14.9,1795.74,119.07,8.11,2.834,1.834
7/21/2021,T9,2017-06-28,T9_6_(1)_28Jun17,10.8006,0,28.963,2006.59,1818.08,263.86,11.67,1673.71,132.7,8.164,3.223,2.097
7/21/2021,T9,2017-06-28,T9_6_(2)_28Jun17,10.8006,0,31.1353,1983.11,1826.36,339.4,14.83,1700.56,110.97,8.058,2.643,1.719
7/21/2021,T9,2017-06-28,T9_6_(3)_28Jun17,10.8006,0,31.1353,2028.9,1848.67,301.57,13.18,1709.32,126.18,8.111,3.005,1.954
7/21/2021,T9,2017-06-28,T9_1_0m_(3)_28Jun17,7.7699,0,31.1353,1888.49,1742.52,296.68,14.35,1627.04,101.12,8.087,2.406,1.556
7/21/2021,T9,2017-06-28,T9_1_0m_(2)_28Jun17,7.7699,0,28.5462,1880.94,1742.72,291.1,14.3,1630,98.42,8.101,2.396,1.55
7/21/2021,T9,2017-06-28,T9_1_0m_(3)_28Jun17,7.7699,0,28.5462,1879.94,1745.77,300.08,14.74,1634.97,96.06,8.089,2.338,1.512
7/21/2021,KB09,2017-06-28,KB09_0m_(1)_28Jun17,10.8463,0,28.5462,2098.28,2123.55,1621.35,71.8,2020.46,31.3,7.458,0.763,0.496
7/21/2021,KB09,2017-06-28,KB09_0m_(2)_28Jun17,10.8463,0,31.7051,2054.44,1814.86,218.92,9.52,1642.68,162.66,8.232,3.854,2.507
7/21/2021,KB09,2017-06-28,KB09_0m_(3)_28Jun17,10.8463,0,31.7051,2022.69,1859.7,342.23,14.88,1729.48,115.34,8.061,2.732,1.777
7/21/2021,KB03,2017-06-28,KB03_0m_(1)_28Jun17,8.8262,0,31.7051,2183.99,1999.22,312.16,14.52,1852.42,132.28,8.124,3.132,2.03
7/21/2021,KB03,2017-06-28,KB03_0m_(2)_28Jun17,8.8262,0,31.9,2147.94,2354.02,4804.79,223.21,2119.51,11.29,6.995,0.267,0.173
7/21/2021,KB03,2017-06-28,KB03_0m_(3)_28Jun17,8.8262,0,31.9,2228.65,2034.33,306.93,14.26,1880.84,139.23,8.138,3.291,2.133
12/17/2019,T9,2017-07-24,T9_6_0m_1_24Jul2017,11.2693,0,28.5109,1945.38,1779.49,292.51,12.78,1648.99,117.72,8.115,2.873,1.87
12/17/2019,T9,2017-07-24,T9_6_0m_2_24Jul2017,11.2693,0,28.5109,1939.92,1739.44,230.95,10.09,1590.62,138.73,8.202,3.386,2.204
12/17/2019,T9,2017-07-24,T9_6_0m_3_24Jul2017,11.2693,0,28.5109,1928.76,1858.02,617.46,26.97,1767.01,64.03,7.82,1.563,1.017
12/17/2019,T9,2017-07-24,T9_6_312_1_24Jul2017,8.1976,104,31.6559,2179.54,1989.4,292.08,13.88,1840.49,135.03,8.144,3.135,2.032
12/17/2019,T9,2017-07-24,T9_6_312_2_24Jul2017,8.1976,104,31.6559,2211.37,2042.52,342.68,16.29,1903.18,123.06,8.089,2.857,1.852
12/17/2019,T9,2017-07-24,T9_6_312_3_24Jul2017,8.1976,104,31.6559,2156.11,1991.97,338.2,16.07,1857.16,118.73,8.084,2.757,1.787
7/29/2021,T9,2017-07-24,T9_1_0m_(1)_24July17,13.1,0,25.9095,1863.22,1656.08,205.15,8.58,1502.94,144.56,8.24,3.627,2.369
7/29/2021,T9,2017-07-24,T9_1_0m_(2)_24July17,13.1,0,25.9095,1936.15,1798.57,358.61,14.99,1680.22,103.36,8.045,2.594,1.694
7/29/2021,T9,2017-07-24,T9_1_0m_(3)_24July17,13.1,0,25.9095,1871.23,1737.06,347.27,14.52,1622.96,99.58,8.044,2.499,1.632
7/29/2021,T9,2017-07-24,T9_10_0m_(1)_24July17,12.1,0,27.1764,1856.34,1659.06,216.17,9.26,1513.75,136.05,8.214,3.366,2.194
7/29/2021,T9,2017-07-24,T9_10_0m_(2)_24July17,12.1,0,27.1764,1932.93,1775.02,305.46,13.09,1647.83,114.1,8.101,2.823,1.84
7/29/2021,T9,2017-07-24,T9_10_0m_(3)_24July17,12.1,0,27.1764,1795.34,1621.17,237.92,10.2,1491.04,119.93,8.166,2.967,1.935
7/30/2021,KB10,2017-07-24,KB10_0m_(1)_24July17,12.7,0,23.8861,1772.31,1596.36,213.45,9.14,1462.6,124.62,8.214,3.194,2.085
7/30/2021,KB10,2017-07-24,KB10_0m_(2)_24July17,12.7,0,23.8861,1740.56,1591.97,253.58,10.86,1474.5,106.61,8.143,2.732,1.783
7/30/2021,KB10,2017-07-24,KB10_0m_(3)_24July17,12.7,0,23.8861,1750.35,1590.57,235.01,10.07,1466.69,113.82,8.174,2.917,1.904
7/30/2021,KB10,2017-07-24,KB10_61m_(1)_24July17,8.9,61,31.631,2240.43,2002.69,240.14,11.15,1824.68,166.86,8.229,3.908,2.535
7/30/2021,KB10,2017-07-24,KB10_61m_(2)_24July17,8.9,61,31.631,2235.91,1994.6,234.55,10.89,1814.73,168.98,8.237,3.958,2.567
7/30/2021,KB10,2017-07-24,KB10_61m_(3)_24July17,8.9,61,31.631,2211.76,2002.85,276.16,12.82,1842.14,147.89,8.173,3.464,2.247
7/30/2021,KB13,2017-07-24,KB13_0m_(1)_24July17,13.3,0,23.1197,1584.06,1436.6,216.05,9.12,1325.06,102.42,8.17,2.651,1.732
7/30/2021,KB13,2017-07-24,KB13_0m_(2)_24July17,13.3,0,23.1197,1563.7,1421.42,220.32,9.3,1313.43,98.69,8.158,2.554,1.669
7/30/2021,KB13,2017-07-24,KB13_0m_(3)_24July17,13.3,0,23.1197,1576.65,1421.18,200.62,8.47,1305.62,107.09,8.196,2.772,1.811
7/30/2021,KB13,2017-07-24,KB13_26m_(1)_24July17,9,26,31.4951,2205.91,2012.63,302.07,13.98,1860.35,138.3,8.14,3.265,2.117
7/30/2021,KB13,2017-07-24,KB13_26m_(2)_24July17,9,26,31.4951,2255.27,2035.14,268.69,12.44,1866.24,156.46,8.192,3.693,2.395
7/30/2021,KB13,2017-07-24,KB13_26m_(3)_24July17,9,26,31.4951,2169.67,2005.59,352.77,16.33,1869.66,119.61,8.075,2.823,1.831
7/30/2021,T4,2017-07-25,T4_04_0m_(1)_25July17,10.4382,0,31.5037,2193.7,1938.16,222.78,9.83,1750.8,177.53,8.252,4.213,2.738
7/30/2021,T4,2017-07-25,T4_04_0m_(2)_25July17,10.4382,0,31.5037,2190.23,1976,279.97,12.35,1812.28,151.36,8.167,3.592,2.335
7/30/2021,T4,2017-07-25,T4_04_0m_(3)_25July17,10.4382,0,31.5037,2193.86,1968,262.64,11.59,1797.66,158.75,8.192,3.767,2.449
7/30/2021,T4,2017-07-25,T4_07_0m_(1)_25July17,11.6196,0,28.7244,1863.88,1790.19,584.4,25.21,1701.03,63.95,7.828,1.558,1.015
7/30/2021,T4,2017-07-25,T4_07_0m_(2)_25July17,11.6196,0,28.7244,1999.03,1805.85,261.49,11.28,1658.67,135.9,8.167,3.311,2.157
7/30/2021,T4,2017-07-25,T4_07_0m_(3)_25July17,11.6196,0,28.7244,2004.99,1822,280.94,12.12,1680.1,129.78,8.141,3.162,2.06
8/2/2021,T9,2017-08-24,T9_10_0m_(1)_24Aug17,11.5357,0,29.0893,2096.18,1938.66,363.05,15.67,1806.53,116.46,8.06,2.827,1.841
8/2/2021,T9,2017-08-24,T9_10_0m_(2)_24Aug17,11.5357,0,29.0893,2060.33,1887.44,317.54,13.71,1748.93,124.8,8.105,3.03,1.973
8/2/2021,T9,2017-08-24,T9_10_0m_(3)_24Aug17,11.5357,0,29.0893,2056.91,2068.4,1462.61,63.14,1970.85,34.41,7.493,0.835,0.544
8/2/2021,T9,2017-08-24,T9_1_0m_(1)_24Aug17,10.9649,0,29.824,2127.09,1927.71,283.04,12.39,1773.15,142.16,8.157,3.426,2.229
8/2/2021,T9,2017-08-24,T9_1_0m_(2)_24Aug17,10.9649,0,29.824,2096.41,1891.5,266.31,11.66,1735.15,144.69,8.175,3.487,2.269
8/2/2021,T9,2017-08-24,T9_1_0m_(3)_24Aug17,10.9649,0,29.824,2135.49,1919.45,257.93,11.3,1755.28,152.87,8.193,3.684,2.397
8/2/2021,KB13,2017-08-24,KB13_0m_(1)_24Aug17,10.9603,0,28.3963,2012.43,1796.07,220.65,9.74,1635.31,151.01,8.233,3.688,2.4
8/2/2021,KB13,2017-08-24,KB13_0m_(2)_24Aug17,10.9603,0,28.3963,2011.31,1782.44,204.37,9.02,1614.5,158.91,8.261,3.881,2.525
8/2/2021,KB13,2017-08-24,KB13_0m_(3)_24Aug17,10.9603,0,28.3963,2000.55,1795.24,233.6,10.31,1641.25,143.68,8.21,3.509,2.283
8/2/2021,KB03,2017-08-24,KB03_0m_(1)_24Aug17,11.1674,0,31.2253,2220.12,2073.39,448.1,19.34,1942.36,111.69,7.996,2.658,1.73
8/2/2021,KB03,2017-08-24,KB03_0m_(2)_24Aug17,11.1674,0,31.2253,2199.21,1983.27,285.96,12.34,1817.67,153.26,8.162,3.647,2.374
8/4/2021,KB03,2017-08-24,KB03_0m_(3)_24Aug17,11.1674,0,31.2253,2186.4,1995.24,327.9,14.15,1843.59,137.5,8.109,3.272,2.13
8/4/2021,T9,2017-09-22,T9_10_0m_(1)_22Sept17,11.1035,0,27.6314,1924.69,1823.05,456.02,20.13,1722.46,80.46,7.942,1.98,1.288
8/4/2021,T9,2017-09-22,T9_10_0m_(2)_22Sept17,11.1035,0,27.6314,1918.57,1811.3,432.83,19.11,1708.77,83.43,7.961,2.053,1.336
8/4/2021,T9,2017-09-22,T9_10_0m_(3)_22Sept17,11.1035,0,27.6314,1918.19,1798.1,389.71,17.2,1690.24,90.66,8.002,2.231,1.452
8/4/2021,T9,2017-09-22,T9_6_0m_(1)_22Sept17,11.1292,0,28.8543,1968.33,1807.73,310.97,13.62,1679.28,114.82,8.095,2.793,1.818
8/4/2021,T9,2017-09-22,T9_6_0m_(2)_22Sept17,11.1292,0,28.8543,1953.57,1797.99,317.99,13.93,1672.66,111.41,8.084,2.71,1.763
8/4/2021,T9,2017-09-22,T9_6_102m_(3)_22Sept17,10.2063,102,30.8247,2149.62,1999.41,393.8,17.58,1870.22,111.61,8.029,2.614,1.701
8/4/2021,T9,2017-09-22,T9_1_0m_(1)_22Sept17,11.008,0,27.6419,1906.52,1776.27,354.72,15.71,1664.39,96.17,8.036,2.366,1.539
8/4/2021,T9,2017-09-22,T9_1_0m_(2)_22Sept17,11.008,0,27.6419,1897.17,1857.99,794.31,35.17,1774.03,48.79,7.714,1.2,0.781
8/4/2021,T9,2017-09-22,T9_1_0m_(3)_22Sept17,11.008,0,27.6419,1890.74,1779.7,408.39,18.08,1676.83,84.79,7.978,2.086,1.357
8/4/2021,T9,2017-09-22,T9_6_102m_(1)_22Sept17,10.2063,102,30.8247,2138.37,1931.86,272.08,12.15,1774.32,145.4,8.166,3.406,2.216
8/4/2021,T9,2017-09-22,T9_6_102m_(2)_22Sept17,10.2063,102,30.8247,2165.38,1971.45,300.57,13.42,1819.61,138.43,8.134,3.242,2.109
8/4/2021,T9,2017-09-22,T9_6_0m_(3)_22Sept17,11.1292,0,28.8543,1954.14,1859.42,510.57,22.36,1760.22,76.84,7.9,1.869,1.216
8/4/2021,T9,2017-10-17,T9_1_0m_(1)_17Oct17,9.4376,0,28.8882,1656.67,1552.24,339.63,15.73,1462.65,73.86,7.992,1.794,1.164
8/4/2021,T9,2017-10-17,T9_1_0m_(2)_17Oct17,9.4376,0,28.8882,2017.26,1849,286.95,13.29,1715.46,120.25,8.134,2.92,1.895
8/4/2021,T9,2017-10-17,T9_10_0m_(1)_17Oct17,8.3666,0,27.3263,1993.12,1827.74,262.01,12.7,1696.05,118.99,8.168,2.93,1.897
8/4/2021,T9,2017-10-17,T9_10_0m_(2)_17Oct17,8.3666,0,27.3263,1960.33,1834.68,341.42,16.54,1723.81,94.33,8.06,2.323,1.504
8/4/2021,T9,2017-10-17,T9_10_0m_(3)_17Oct17,8.3666,0,27.3263,1983.9,1817.94,258.79,12.54,1686.31,119.09,8.171,2.933,1.899
8/5/2021,T4,2017-10-17,T4_2_0m_(1)_17Oct17,9.7827,0,30.4742,2115.17,1955.53,350.1,15.88,1823.11,116.54,8.072,2.791,1.812
8/5/2021,T4,2017-10-17,T4_2_0m_(2)_17Oct17,9.7827,0,30.4742,2168.47,2013.31,376.57,17.08,1880.9,115.33,8.054,2.762,1.793
8/5/2021,T4,2017-10-17,T4_2_0m_(3)_17Oct17,9.7827,0,30.4742,2143.61,1956.62,300.05,13.61,1809.11,133.9,8.136,3.206,2.082
8/5/2021,T4,2017-10-17,T4_2_(3)_17Oct17,9.7471,0,31.0267,1976.95,1798.72,278.11,12.59,1662.95,123.17,8.131,2.935,1.905
8/5/2021,T4,2017-10-17,T4_4_0m_(1)_17Oct17,9.389,0,29.7731,2072.99,1955.73,443.62,20.47,1844.08,91.19,7.974,2.197,1.425
8/5/2021,T4,2017-10-17,T4_4_0m_(2)_17Oct17,9.389,0,29.7731,2130.63,1977.37,357.46,16.5,1847.31,113.56,8.069,2.736,1.775
8/5/2021,T4,2017-10-17,T4_4_0m_(3)_17Oct17,9.389,0,29.7731,2065.72,1942.13,420.4,19.4,1828.16,94.57,7.994,2.279,1.478
8/5/2021,T9,2017-10-17,T9_1_0m_(3)_17Oct17,9.4376,0,28.8882,1984.91,1861.78,387.47,17.94,1751.05,92.78,8.012,2.253,1.462
8/5/2021,T4,2017-10-17,T4_7_0m_(1)_17Oct17,9.1518,0,29.2059,2074.58,1956.96,432.29,20.17,1845.11,91.67,7.986,2.22,1.439
8/5/2021,T4,2017-10-17,T4_7_0m_(2)_17Oct17,9.1518,0,29.2059,2072.54,1938.48,381.45,17.8,1819.64,101.04,8.034,2.447,1.587
8/5/2021,T4,2017-10-17,T4_7_0m_(3)_17Oct17,9.1518,0,29.2059,2026.28,1938.68,531.6,24.81,1839.75,74.12,7.895,1.795,1.164
8/5/2021,T9,2017-10-17,T9_6_2m_(2)_17Oct17,8.7545,2,27.9738,1944.05,1828.78,378.35,18.02,1723.12,87.64,8.015,2.145,1.39
8/5/2021,T9,2017-10-17,T9_6_0m_(3)_17Oct17,8.6537,0,27.7608,1914.06,1794.51,352.95,16.89,1688.21,89.41,8.037,2.193,1.421
8/5/2021,T9,2017-10-17,T9_6_102m_(1)_17Oct17,9.6813,102,31.1522,2076.43,1849.23,224.61,10.18,1683.32,155.73,8.225,3.636,2.363
8/5/2021,T9,2017-10-17,T9_6_102m_(2)_17Oct17,9.6813,102,31.1522,2054.99,1852.49,255.44,11.58,1701.07,139.84,8.173,3.265,2.122
8/5/2021,T9,2017-10-17,T9_6_102m_(3)_17Oct17,9.6813,102,31.1522,2059.26,1875.99,289.45,13.12,1734.56,128.32,8.127,2.996,1.947
8/5/2021,T9,2017-10-17,T9_10_0m_(1)_17Oct17,8.3666,0,27.3263,2100.91,2016.24,531.35,25.75,1915.64,74.85,7.914,1.843,1.193
8/5/2021,T9,2017-10-17,T9_10_0m_(2)_17Oct17,8.3666,0,27.3263,2110.92,1954.31,308.28,14.94,1822.59,116.78,8.129,2.876,1.862
8/5/2021,T9,2017-10-17,T9_10_0m_(3)_17Oct17,8.3666,0,27.3263,2131.77,1970.46,303.69,14.72,1835.51,120.23,8.138,2.961,1.917
12/17/2019,T9,2017-11-07,T9_6_0m_1_7Nov2017,8.2102,0,30.3368,2026.23,1922.52,459.75,22.01,1818.59,81.92,7.948,1.963,1.271
12/17/2019,T9,2017-11-07,T9_6_0m_2_7Nov2017,8.2102,0,30.3368,2159.25,1990.01,317.19,15.18,1851.72,123.1,8.117,2.95,1.91
12/17/2019,T9,2017-11-07,T9_6_0m_3_7Nov2017,8.2102,0,30.3368,2099.72,1949.61,343.89,16.46,1823.08,110.06,8.075,2.637,1.707
12/17/2019,T9,2017-11-07,T9_6_342_1_7Nov2017,8.8929,104,30.9042,2201.05,2024.17,326.14,15.2,1880.5,128.46,8.108,3.003,1.949
12/17/2019,T9,2017-11-07,T9_6_342_2_7Nov2017,8.8929,104,30.9042,2115.24,2004.85,485.51,22.63,1894.62,87.59,7.939,2.048,1.329
12/17/2019,T9,2017-11-07,T9_6_342_3_7Nov2017,8.8929,104,30.9042,2236.49,2048.99,314.05,14.64,1898.39,135.96,8.129,3.179,2.063
8/11/2021,T9,2017-11-07,T9_1_0m_(1)_7Nov17,8.1316,0,31.13035,2096.14,2048.68,790.26,37.76,1955.18,55.74,7.743,1.327,0.859
8/11/2021,T9,2017-11-07,T9_1_0m_(2)_7Nov17,8.1316,0,31.13035,2106.69,1931.15,296.75,14.18,1792.24,124.74,8.13,2.968,1.921
8/11/2021,T9,2017-11-07,T9_1_0m_(3)_7Nov17,8.1316,0,31.13035,2097.71,1921.36,292.97,14,1782.41,124.96,8.134,2.974,1.925
8/11/2021,T9,2017-12-14,T9_10_0m_(1)_14Dec17,4.4459,0,26.9932,1754.86,1670.98,345.2,19.25,1586.47,65.26,8.007,1.609,1.034
8/11/2021,T9,2017-12-14,T9_10_0m_(2)_14Dec17,4.4459,0,26.9932,1782.01,1650,231.03,12.88,1544.69,92.43,8.17,2.279,1.465
8/11/2021,T9,2017-12-14,T9_10_0m_(3)_14Dec17,4.4459,0,26.9932,1791.03,1667.42,249.68,13.92,1565.63,87.86,8.142,2.167,1.393
8/11/2021,T9,2017-12-14,T9_6_0m_(1)_14Dec17,5.1353,0,29.8369,2059.84,1907.41,282.77,15.12,1782.54,109.74,8.141,2.64,1.699
8/11/2021,T9,2017-12-14,T9_6_0m_(2)_14Dec17,5.1353,0,29.8369,2055.45,1893.39,263.48,14.09,1763.96,115.33,8.167,2.775,1.786
8/11/2021,T9,2017-12-14,T9_6_0m_(3)_14Dec17,5.1353,0,29.8369,2068.55,1924.42,302.13,16.16,1803.16,105.1,8.117,2.529,1.627
8/11/2021,T9,2018-01-17,T9_1_0m_(1)_17Jan18,5.2313,0,30.9542,2152.57,2004.61,325.24,17.22,1878.57,108.82,8.102,2.594,1.67
8/11/2021,T9,2018-01-17,T9_1_0m_(2)_17Jan18,5.2313,0,30.9542,2145.35,2001.59,333.03,17.63,1877.77,106.18,8.091,2.531,1.629
8/11/2021,T9,2018-01-17,T9_1_0m_(3)_17Jan18,5.2313,0,30.9542,2158.81,2000.64,304.82,16.14,1869.51,114.99,8.128,2.741,1.764
8/11/2021,T9,2018-01-17,T9_10_0m_(1)_17Jan18,4.8202,0,30.9697,2163.35,2003.6,297.41,15.98,1871.72,115.91,8.137,2.763,1.777
8/11/2021,T9,2018-01-17,T9_10_0m_(2)_17Jan18,4.8202,0,30.9697,2159.74,1986.06,270.51,14.53,1847.39,124.14,8.173,2.959,1.903
8/11/2021,T9,2018-01-17,T9_10_0m_(3)_17Jan18,4.8202,0,30.9697,2157.08,1994.16,289.7,15.57,1860.96,117.63,8.146,2.804,1.803
8/11/2021,T9,2018-01-17,T9_6_0m_(1)_17Jan18,4.9648,0,31.0733,2178.92,2021.15,307.88,16.45,1889.58,115.13,8.127,2.741,1.764
8/11/2021,T9,2018-01-17,T9_6_0m_(2)_17Jan18,4.9648,0,31.0733,2160.29,1999.76,297.82,15.91,1867.59,116.26,8.136,2.768,1.781
8/11/2021,T9,2018-01-17,T9_6_0m_(3)_17Jan18,4.9648,0,31.0733,2173.48,2023.72,323.71,17.29,1896.17,110.26,8.107,2.625,1.689
8/11/2021,T9,2018-01-17,T9_6_101m_(1)_17Jan18,5.1061,101,31.1845,2184.55,2009.15,277.69,14.75,1868.82,125.58,8.162,2.927,1.886
8/11/2021,T9,2018-01-17,T9_6_101m_(2)_17Jan18,5.1061,101,31.1845,2196.55,2028.54,294.09,15.62,1891.46,121.46,8.143,2.831,1.824
8/11/2021,T9,2018-01-17,T9_6_101m_(3)_17Jan18,5.1061,101,31.1845,2175.28,2009.81,294.02,15.62,1874.83,119.36,8.139,2.782,1.793
8/16/2021,T9,2018-03-27,T9_1_0m_(1)_27Mar18,3.5118,0,31.5085,2164.47,2086.71,526.52,29.58,1987.03,70.11,7.91,1.664,1.068
8/16/2021,T9,2018-03-27,T9_1_0m_(2)_27Mar18,3.5118,0,31.5085,2138.34,2011.01,350.69,19.7,1895.53,95.79,8.066,2.274,1.459
8/16/2021,T9,2018-03-27,T9_1_0m_(3)_27Mar18,3.5118,0,31.5085,2153.35,2038.75,389.88,21.9,1927.74,89.11,8.027,2.115,1.357
8/16/2021,KB03,2018-03-27,KB03_0m_(1)_27Mar18,4.1838,0,31.7463,2195.36,2029.79,291.34,15.95,1894.38,119.47,8.148,2.83,1.818
8/16/2021,KB03,2018-03-27,KB03_0m_(2)_27Mar18,4.1838,0,31.7463,2153.97,2030.32,377.68,20.67,1915.43,94.22,8.04,2.232,1.434
8/16/2021,KB03,2018-03-27,KB03_0m_(3)_27Mar18,4.1838,0,31.7463,2185.21,2045.52,344.45,18.85,1922.59,104.08,8.082,2.465,1.584
8/16/2021,KB03,2018-03-27,KB03_107m_(1)_27Mar18,4.049,107,31.7672,2175.11,2018.86,302.99,16.66,1889.05,113.15,8.124,2.621,1.686
8/16/2021,KB03,2018-03-27,KB03_107m_(3)_27Mar18,4.049,107,31.7672,2196.92,2035.5,297.73,16.37,1902.35,116.77,8.135,2.705,1.74
8/16/2021,T9,2018-03-27,T9_10_0m_(1)_27Mar18,3.1781,0,30.9995,2189.42,2021.93,268.4,15.31,1885.94,120.68,8.179,2.877,1.845
8/16/2021,T9,2018-03-27,T9_10_0m_(2)_27Mar18,3.1781,0,30.9995,2201.06,2045.85,293.88,16.77,1915.39,113.69,8.147,2.71,1.738
8/16/2021,T9,2018-03-27,T9_10_0m_(3)_27Mar18,3.1781,0,30.9995,2191.04,2032.15,284.5,16.23,1900.33,115.6,8.157,2.756,1.767
8/16/2021,T9,2018-03-27,T9_6_0m_(1)_27Mar18,3.2835,0,31.3694,2165.28,2025.4,322.49,18.29,1903.5,103.61,8.103,2.462,1.579
8/16/2021,T9,2018-03-27,T9_6_0m_(2)_27Mar18,3.2835,0,31.3694,2221.53,2058.4,287.4,16.3,1923.4,118.7,8.158,2.821,1.809
8/16/2021,T9,2018-03-27,T9_6_0m_(3)_27Mar18,3.2835,0,31.3694,2180.67,2029.36,301.41,17.09,1901.63,110.64,8.132,2.629,1.686
8/17/2021,T9,2018-03-27,T9_6_(1)_27Mar18,4.0482,99,31.7616,2172.19,2049.65,383.27,21.08,1934.74,93.83,8.033,2.178,1.4
8/17/2021,T9,2018-03-27,T9_6_(2)_27Mar18,4.0482,99,31.7616,2185.9,2058.71,374.16,20.58,1941.35,96.77,8.045,2.246,1.444
8/17/2021,T9,2018-03-27,T9_6_(3)_27Mar18,4.0482,99,31.7616,2167.7,2039.5,366.52,20.16,1922.46,96.88,8.05,2.248,1.446
8/17/2021,T9,2018-04-23,T9_S01_0m_(1)_23Apr18,4.6584,0,31.6216,2150.08,1978.14,274.32,14.77,1841.12,122.25,8.164,2.898,1.864
8/17/2021,T9,2018-04-23,T9_S01_0m_(2)_23Apr18,4.6584,0,31.6216,2199.69,2020.09,271.87,14.64,1877.21,128.24,8.176,3.04,1.955
8/17/2021,T9,2018-04-23,T9_S01_0m_(3)_23Apr18,4.6584,0,31.6216,2157.51,1987.29,279.09,15.03,1850.83,121.44,8.159,2.879,1.851
8/17/2021,T9,2018-04-23,T9_10_0m_(1)_23Apr18,5.6624,0,30.9559,2128.29,1879.74,174.31,9.09,1700.8,169.86,8.331,4.048,2.608
8/17/2021,T9,2018-04-23,T9_10_0m_(2)_23Apr18,5.6624,0,30.9559,2142.08,1895.55,178.55,9.31,1717.2,169.04,8.324,4.029,2.595
8/17/2021,T9,2018-04-23,T9_10_0m_(3)_23Apr18,5.6624,0,30.9559,2132.83,1927.69,225.24,11.74,1773.09,142.86,8.237,3.405,2.193
8/17/2021,T9,2018-04-23,T9_6_0m_(1)_23Apr18,5.053,0,31.4263,2144.44,1932.85,215.9,11.47,1774.88,146.49,8.253,3.478,2.238
8/17/2021,T9,2018-04-23,T9_6_0m_(2)_23Apr18,5.053,0,31.4263,2187.87,1940.1,182.37,9.69,1759.9,170.5,8.323,4.048,2.605
8/17/2021,T9,2018-04-23,T9_6_0m_(3)_23Apr18,5.053,0,31.4263,2152.86,1921.96,194.32,10.33,1752.89,158.75,8.294,3.769,2.425
8/17/2021,KB10,2018-04-23,KB10_0m_(1)_23Apr18,5.2579,0,31.1538,2150.37,1929.21,205.4,10.85,1765.38,152.98,8.274,3.64,2.343
8/17/2021,KB10,2018-04-23,KB10_0m_(2)_23Apr18,5.2579,0,31.1538,2113.66,1976.38,342.42,18.09,1856.78,101.51,8.074,2.415,1.555
8/17/2021,KB10,2018-04-23,KB10_0m_(3)_23Apr18,5.2579,0,31.1538,2148.6,1964.45,256.82,13.57,1820.74,130.14,8.19,3.097,1.993
8/17/2021,T4,2018-04-23,T4_02_0m_(1)_23Apr18,5.1995,0,31.7433,2160.8,2008.9,324.84,17.14,1880.95,110.82,8.101,2.624,1.689
8/17/2021,T4,2018-04-23,T4_02_0m_(2)_23Apr18,5.1995,0,31.7433,2153.6,2008.53,338.57,17.86,1884,106.67,8.084,2.526,1.626
8/17/2021,T4,2018-04-23,T4_02_0m_(3)_23Apr18,5.1995,0,31.7433,2192.06,2002.14,260.32,13.73,1854.05,134.36,8.191,3.181,2.048
8/17/2021,T4,2018-04-23,T4_04_0m_(1)_23Apr18,5.111,0,31.7666,2163.61,1989.09,279.34,14.78,1850.09,124.22,8.159,2.941,1.893
8/17/2021,T4,2018-04-23,T4_04_0m_(2)_23Apr18,5.111,0,31.7666,2174.08,1983.25,254.21,13.45,1835.45,134.35,8.197,3.181,2.047
8/17/2021,T4,2018-04-23,T4_04_0m_(3)_23Apr18,5.111,0,31.7666,2186.48,1982.32,236.84,12.53,1826.92,142.87,8.226,3.382,2.177
8/17/2021,T4,2018-04-23,T4_07_0m_(1)_23Apr18,5.4103,0,31.6407,2190.67,2059.47,386.42,20.25,1939.41,99.81,8.04,2.365,1.523
8/17/2021,T4,2018-04-23,T4_07_0m_(2)_23Apr18,5.4103,0,31.6407,2116.26,2011.5,446.25,23.38,1904.75,83.37,7.97,1.976,1.272
8/17/2021,T4,2018-04-23,T4_07_0m_(3)_23Apr18,5.4103,0,31.6407,2168.09,1991.92,280.11,14.68,1851.72,125.52,8.16,2.974,1.915
8/17/2021,T9,2018-05-24,T9_10_0m_(1)_24May18,7.9699,0,30.3211,2105.53,1828.87,158.94,7.67,1632.44,188.76,8.362,4.523,2.927
8/17/2021,T9,2018-05-24,T9_10_0m_(2)_24May18,7.9699,0,30.3211,2101.42,1824.05,157.69,7.61,1627.37,189.07,8.364,4.531,2.932
8/17/2021,T9,2018-05-24,T9_10_0m_(3)_24May18,7.9699,0,30.3211,2107.73,1830.67,158.94,7.67,1633.91,189.09,8.362,4.531,2.932
8/19/2021,KB03,2018-05-24,KB03_0m_(1)_24May18,,,,,,,,,,,,
8/19/2021,KB03,2018-05-24,KB03_0m_(2)_24May18,,,,,,,,,,,,
8/19/2021,KB03,2018-05-24,KB03_0m_(3)_24May18,,,,,,,,,,,,
8/19/2021,T9,2018-05-24,T9_1_0m_(1)_24May18,,,,,,,,,,,,
8/19/2021,T9,2018-05-24,T9_1_0m_(2)_24May18,,,,,,,,,,,,
8/19/2021,T9,2018-05-24,T9_1_0m_(3)_24May18,,,,,,,,,,,,
8/19/2021,KB10,2018-05-24,KB10_0m_(1)_24May18,,,,,,,,,,,,
8/19/2021,KB10,2018-05-24,KB10_0m_(2)_24May18,,,,,,,,,,,,
8/19/2021,KB10,2018-05-24,KB10_0m_(3)_24May18,,,,,,,,,,,,
8/19/2021,T9,2018-05-24,T9_6_0m_(1)_24May18,,,,,,,,,,,,
8/19/2021,T9,2018-05-24,T9_6_0m_(2)_24May18,,,,,,,,,,,,
8/19/2021,T9,2018-05-24,T9_6_0m_(3)_24May18,,,,,,,,,,,,
8/19/2021,T9,2018-05-24,T9_6_102m_(1)_24May18,,,,,,,,,,,,
8/19/2021,T9,2018-05-24,T9_6_102m_(2)_24May18,,,,,,,,,,,,
8/19/2021,T9,2018-05-24,T9_6_102m_(3)_24May18,,,,,,,,,,,,
8/19/2021,T4,2018-06-25,T4_2_0m_(1)_25Jun18,,,,,,,,,,,,
8/19/2021,T4,2018-06-25,T4_2_0m_(2)_25Jun18,,,,,,,,,,,,
8/19/2021,T4,2018-06-25,T4_2_0m_(3)_25Jun18,,,,,,,,,,,,
8/19/2021,T4,2018-06-25,T4_2_(1)_25Jun18,,,,,,,,,,,,
8/19/2021,T4,2018-06-25,T4_2_(2)_25Jun18,,,,,,,,,,,,
8/19/2021,T4,2018-06-25,T4_2_(3)_25Jun18,,,,,,,,,,,,
8/20/2021,T9,2018-08-23,T9_1_0m_(1)_23Aug18,11.8709,0,25.5239,1772.06,1650.66,330.12,14.39,1546.9,89.37,8.043,2.248,1.465
8/20/2021,T9,2018-08-23,T9_1_0m_(2)_23Aug18,11.8709,0,25.5239,1772.83,1656.69,345.4,15.05,1555.29,86.35,8.025,2.172,1.415
8/20/2021,T9,2018-08-23,T9_1_0m_(3)_23Aug18,11.8709,0,25.5239,1770.04,1633.59,291.22,12.69,1522.73,98.17,8.09,2.469,1.609
8/20/2021,T9,2018-08-23,T9_10_0m_(1)_23Aug18,11.6318,0,27.148,1765.94,1670.6,426.16,18.54,1578.62,73.44,7.936,1.816,1.183
8/20/2021,T9,2018-08-23,T9_10_0m_(2)_23Aug18,11.6318,0,27.148,1767.07,1656.57,373.04,16.23,1558.56,81.78,7.989,2.023,1.318
8/20/2021,T9,2018-08-23,T9_10_0m_(3)_23Aug18,11.6318,0,27.148,1738.39,1769.28,1537.13,66.89,1679.36,23.04,7.406,0.57,0.371
8/20/2021,KB10,2018-08-23,KB10_0m_(1)_23Aug18,11.3445,0,26.5035,2146.67,2047.95,542.29,23.91,1939.11,84.94,7.921,2.114,1.376
8/20/2021,KB10,2018-08-23,KB10_0m_(2)_23Aug18,11.3445,0,26.5035,2159.99,2074.73,610.82,26.93,1969.97,77.83,7.877,1.937,1.261
8/20/2021,KB10,2018-08-23,KB10_0m_(3)_23Aug18,11.3445,0,26.5035,2155.16,2042.56,489.14,21.56,1927.91,93.09,7.964,2.317,1.508
8/20/2021,KB03,2018-08-23,KB03_0m_(1)_23Aug18,10.9484,0,30.7583,2116.08,1937.62,327.64,14.28,1795.29,128.05,8.098,3.06,1.991
8/20/2021,KB03,2018-08-23,KB03_0m_(2)_23Aug18,10.9484,0,30.7583,2122.59,1951.88,346.39,15.1,1813.23,123.55,8.078,2.952,1.921
8/20/2021,KB03,2018-08-23,KB03_0m_(3)_23Aug18,10.9484,0,30.7583,2115.23,1935.18,324.09,14.12,1792.07,128.99,8.102,3.082,2.005
8/20/2021,KB03,2018-09-17,KB03_100m_(1)_17Sept18,8.9841,100,31.1832,2158.5,2020.83,414.59,19.24,1897.68,103.91,8.008,2.425,1.574
8/24/2021,T9,2018-10-17,T9_10_0m_(1)_17Oct18,8.586,0,18.2,1453.34,1370.71,242.13,12.28,1294.64,63.79,8.111,1.744,1.13
8/24/2021,T9,2018-10-17,T9_10_0m_(2)_17Oct18,8.586,0,18.3,1465.06,1409.51,340.76,17.27,1343.34,48.9,7.979,1.335,0.865
8/24/2021,T9,2018-10-17,T9_10_0m_(3)_17Oct18,8.586,0,18.3,1446.28,1369.45,257.73,13.06,1296.2,60.2,8.084,1.644,1.065
8/24/2021,T9,2018-10-17,T9_1_0m_(2)_17Oct18,9.2132,0,22.1,1652.06,1563.04,321.58,15.6,1477.85,69.58,8.035,1.81,1.174
8/24/2021,T9,2018-10-17,T9_1_0m_(3)_17Oct18,9.2132,0,22.1,1654.48,1560.2,305.94,14.85,1472.73,72.63,8.055,1.889,1.225
8/24/2021,KB10,2018-10-17,KB10_0m_(1)_17Oct18,8.9252,0,20.4,1505.83,1447.33,368.45,18.23,1378.61,50.48,7.95,1.34,0.869
8/24/2021,KB10,2018-10-17,KB10_0m_(2)_17Oct18,8.9252,0,20.3,1526.04,1457.14,331.33,16.41,1384.25,56.49,7.998,1.501,0.973
8/24/2021,KB10,2018-10-17,KB10_0m_(3)_17Oct18,8.9252,0,20.3,1527.66,1451.72,306.37,15.17,1376.17,60.38,8.029,1.605,1.04
8/24/2021,KB10,2018-10-17,KB10_60m_(1)_17Oct18,9.3868,60,30.9,2165.15,2049.64,494.4,22.67,1935.07,91.9,7.944,2.167,1.407
8/24/2021,KB10,2018-10-17,KB10_60m_(2)_17Oct18,9.3868,60,30.9,2158.92,2044.83,497.47,22.81,1931.06,90.95,7.94,2.145,1.392
8/24/2021,KB10,2018-10-17,KB10_60m_(3)_17Oct18,9.3868,60,30.9,2153.1,2048.79,533.74,24.47,1938.86,85.46,7.911,2.015,1.308
8/24/2021,KB03,2018-10-17,KB03_0m_(1)_17Oct18,9.8674,0,29.9,2098.95,1918.89,298.31,13.54,1776.42,128.94,8.132,3.104,2.015
8/24/2021,KB03,2018-10-17,KB03_0m_(2)_17Oct18,9.8674,0,30.1,2103.49,1925.19,304.53,13.8,1783.57,127.81,8.124,3.071,1.994
8/24/2021,KB03,2018-10-17,KB03_0m_(3)_17Oct18,9.8674,0,30.1,2090.16,1918.12,313.68,14.22,1780.27,123.63,8.111,2.97,1.929
8/24/2021,KB03,2018-10-17,KB03_100m_(1)_17Oct18,9.27,100,30.9,2138.55,1975.47,344.66,15.87,1841.05,118.56,8.077,2.775,1.802
8/24/2021,KB03,2018-10-17,KB03_100m_(2)_17Oct18,9.27,100,30.9,2081.31,1983.67,532.03,24.49,1879.16,80.02,7.897,1.873,1.216
8/24/2021,KB03,2018-10-17,KB03_100m_(3)_17Oct18,9.27,100,30.9,2131.27,1996.9,417.79,19.23,1876.11,101.56,8.001,2.377,1.544
8/24/2021,T9,2018-10-17,T9_6_0m_(1)_17Oct18,8.5001,0,21.8,1645.74,1541.8,265.54,13.22,1450.51,78.06,8.108,2.036,1.318
8/24/2021,T9,2018-10-17,T9_6_0m_(2)_17Oct18,8.5001,0,21.8,1620.03,1549.22,363.21,18.09,1472.33,58.8,7.979,1.533,0.993
8/24/2021,T9,2018-10-17,T9_6_0m_(3)_17Oct18,8.5001,0,21.8,1646.54,1570.05,350.07,17.44,1490.13,62.49,8,1.629,1.055
8/24/2021,T9,2018-10-17,T9_6_101m_(1)_17Oct18,9.2776,101,30.7,1822.1,1718.55,412.88,19.02,1622.89,76.63,7.944,1.796,1.166
8/24/2021,T9,2018-10-17,T9_6_101m_(2)_17Oct18,9.2776,101,30.9,2065.65,1948.32,450.96,20.75,1837.3,90.27,7.959,2.112,1.372
8/24/2021,T9,2018-10-17,T9_6_101m_(3)_17Oct18,9.2776,101,30.9,1956.74,1836.29,404.14,18.6,1728.54,89.15,7.98,2.086,1.355
8/25/2021,T9,2018-10-17,T9_6_101m_(1)_17Oct18,9.2776,101,30.7,1822.1,1718.55,412.88,19.02,1622.89,76.63,7.944,1.796,1.166
8/25/2021,T9,2018-10-17,T9_6_101m_(2)_17Oct18,9.2776,101,30.9,2065.65,1948.32,450.96,20.75,1837.3,90.27,7.959,2.112,1.372
8/25/2021,T9,2018-10-17,T9_6_101m_(3)_17Oct18,9.2776,101,30.9,1956.74,1836.29,404.14,18.6,1728.54,89.15,7.98,2.086,1.355
8/24/2021,T9,2018-11-08,T9_6_0m_(1)_8Nov18,7.7764,0,29.9,1951.8,1825.19,351.16,17.11,1715.36,92.73,8.039,2.231,1.443
8/25/2021,T9,2018-11-08,T9_6_0m_(1)_8Nov18,7.7764,0,29.9,1951.8,1825.19,351.16,17.11,1715.36,92.73,8.039,2.231,1.443
9/2/2021,T9,2018-11-08,T9_6_0m_(2)_8Nov18,7.7764,0,30.2346,2100.03,1987.48,443.6,21.57,1877.41,88.51,7.976,2.123,1.373
9/2/2021,T9,2018-11-08,T9_6_0m_(3)_8Nov18,7.7764,0,30.2346,2107.96,1987.99,421.63,20.5,1874.65,92.84,7.998,2.227,1.44
9/2/2021,T9,2018-11-08,T9_6_101m_(1)_8Nov18,8.5267,101,30.7857,2097.85,1964.69,396.85,18.74,1846.12,99.83,8.014,2.337,1.516
9/2/2021,T9,2018-11-08,T9_6_101m_(2)_8Nov18,8.5267,101,30.7857,2107.02,1964.66,374.19,17.67,1841.63,105.36,8.039,2.467,1.6
9/2/2021,T9,2018-11-08,T9_6_101m_(3)_8Nov18,8.5267,101,30.7857,2140.72,1985.68,351.98,16.63,1855.37,113.68,8.069,2.662,1.726
9/2/2021,KB10,2018-11-08,KB10_0m_(1)_8Nov18,8.2327,0,30.435,2109.73,1978.58,398.18,19.04,1860.28,99.26,8.02,2.376,1.538
9/2/2021,KB10,2018-11-08,KB10_0m_(2)_8Nov18,8.2327,0,30.435,2119.89,1983.26,385.73,18.44,1862.15,102.67,8.035,2.458,1.591
9/2/2021,KB10,2018-11-08,KB10_0m_(3)_8Nov18,8.2327,0,30.435,2134.38,1994.74,381.79,18.25,1871.69,104.8,8.041,2.509,1.624
9/2/2021,KB10,2018-11-08,KB10_101m_(1)_8Nov18,8.6435,101,30.6724,2131.79,1965.03,323.73,15.24,1829.26,120.53,8.099,2.825,1.832
9/2/2021,KB10,2018-11-08,KB10_101m_(2)_8Nov18,8.6435,101,30.6724,2122.17,1964.31,340.91,16.05,1833.3,114.96,8.078,2.694,1.748
9/2/2021,KB10,2018-11-08,KB10_101m_(3)_8Nov18,8.6435,101,30.6724,2120.82,1978.77,379.87,17.88,1855.23,105.65,8.036,2.476,1.606
9/2/2021,T4,2018-11-08,T4_3_(1)_14May19,6.3342,108,31.9209,2199.98,2029.87,312.98,15.84,1891.37,122.66,8.119,2.838,1.833
9/2/2021,T4,2018-11-08,T4_3_(2)_14May19,6.3342,108,31.9209,2218.33,2047.53,316.12,16,1907.95,123.58,8.118,2.859,1.847
9/2/2021,T4,2018-11-08,T4_3_(3)_14May19,6.3342,108,31.9209,2208.18,2055.83,354.01,17.92,1925.52,112.39,8.073,2.6,1.68
7/8/2021,T9,2019-02-07,T9_6_(1)_0m_7Feb19,4.4432,0,31.0787,2163.24,2009.26,304.98,16.6,1880.35,112.3,8.127,2.674,1.719
7/8/2021,T9,2019-02-07,T9_6_(2)_0m_7Feb19,4.4432,0,31.0787,2140.02,1985.76,298.88,16.27,1857.64,111.85,8.13,2.663,1.712
7/8/2021,T9,2019-02-07,T9_6_(3)_0m_7Feb19,4.4432,0,31.0787,2163.32,2021.95,332.82,18.12,1898.88,104.95,8.093,2.499,1.606
7/8/2021,T9,2019-02-07,T9_6_(1)_100m_7Feb19,6.0091,100,31.5534,2131.14,2010.92,409.89,21.03,1897.68,92.2,8.003,2.143,1.383
7/8/2021,T9,2019-02-07,T9_6_(2)_100m_7Feb19,6.0091,100,31.5534,2137.51,2018.85,416.64,21.38,1905.97,91.5,7.997,2.127,1.373
7/8/2021,T9,2019-02-07,T9_6_(3)_100m_7Feb19,6.0091,100,31.5534,2164.78,2037.48,398.79,20.46,1920,97.01,8.02,2.255,1.455
7/8/2021,T4,2019-02-07,T4_2_(1)_0m_7Feb19,6.04,0,31.5307,2151.9,2027.92,405.53,20.79,1912.11,95.01,8.015,2.253,1.453
7/8/2021,T4,2019-02-07,T4_2_(2)_0m_7Feb19,6.04,0,31.5307,2161.88,2019.38,357.8,18.34,1895.24,105.79,8.066,2.509,1.618
7/8/2021,T4,2019-02-07,T4_2_(3)_0m_7Feb19,6.04,0,31.5307,2163.46,2027.07,373.96,19.17,1905.57,102.33,8.049,2.427,1.565
7/8/2021,T4,2019-02-07,T4_2_(1)_102m_7Feb19,6.0234,102,31.5579,2166.75,2019.12,346.17,17.75,1892.69,108.68,8.075,2.525,1.63
7/8/2021,T4,2019-02-07,T4_2_(2)_102m_7Feb19,6.0234,102,31.5579,2166.99,2026.79,364.57,18.7,1903.69,104.4,8.055,2.426,1.566
7/8/2021,T4,2019-02-07,T4_2_(3)_102m_7Feb19,6.0234,102,31.5579,2185.89,2046.9,372.94,19.13,1923.57,104.2,8.049,2.421,1.563
7/8/2021,T6,2019-02-08,T6_5_(1)_0m_8Feb19,6.3742,0,31.6574,2167.82,2015.1,341.04,17.27,1885.92,111.92,8.085,2.651,1.71
7/8/2021,T6,2019-02-08,T6_5_(2)_0m_8Feb19,6.3742,0,31.6574,2182.2,2023.06,330.33,16.72,1890.26,116.08,8.1,2.75,1.774
7/8/2021,T6,2019-02-08,T6_5_(3)_0m_8Feb19,6.3742,0,31.6574,2126.17,1982.82,352.18,17.83,1859.61,105.37,8.065,2.496,1.61
7/8/2021,T6,2019-02-08,T6_5_(1)_8Feb19,6.4351,102,31.6558,2150.2,2014.75,379.88,19.19,1894.23,101.32,8.036,2.352,1.52
7/8/2021,T6,2019-02-08,T6_5_(2)_8Feb19,6.4351,102,31.6558,2156.9,2006.51,344.03,17.38,1879.04,110.09,8.076,2.556,1.651
7/8/2021,T6,2019-02-08,T6_5_(3)_8Feb19,6.4351,102,31.6558,2145.88,2011.87,382.57,19.33,1892.15,100.39,8.033,2.331,1.506
7/8/2021,AB03,2019-03-19,AB03_(1)_19Mar19,5.6551,107,31.7837,2178.33,2014.63,310.3,16.1,1880.4,118.13,8.118,2.736,1.765
7/8/2021,AB03,2019-03-19,AB03_(2)_19Mar19,5.6551,107,31.7837,2148.21,2010.3,361.55,18.76,1889.2,102.34,8.053,2.371,1.529
7/8/2021,AB03,2019-03-19,AB03_(3)_19Mar19,5.6551,107,31.7837,2211.51,2088.7,422.11,21.9,1971.35,95.44,8.004,2.211,1.426
7/8/2021,AB03,2019-03-19,AB03_(1)_0m_19Mar19,5.5898,0,31.6845,2162.6,2041.97,412.49,21.47,1927.3,93.2,8.01,2.208,1.422
7/8/2021,AB03,2019-03-19,AB03_(2)_0m_19Mar19,5.5898,0,31.6845,2232.68,2051.96,289.27,15.06,1906.82,130.09,8.159,3.082,1.985
7/8/2021,AB03,2019-03-19,AB03_(3)_0m_19Mar19,5.5898,0,31.6845,2190.56,2041.77,344.79,17.94,1913.87,109.95,8.084,2.604,1.678
7/12/2021,T9,2019-03-19,T9_6_0m_(1)_19Mar19,5.4847,0,31.1572,2228.75,2117.89,456.64,23.93,2004.3,89.65,7.983,2.133,1.374
7/12/2021,T9,2019-03-19,T9_6_0m_(2)_19Mar19,5.4847,0,31.1572,2165.97,2042.95,399.1,20.91,1927.2,94.84,8.024,2.256,1.453
7/12/2021,T9,2019-03-19,T9_6_0m_(3)_19Mar19,5.4847,0,31.1572,2124.78,2036.46,507.72,26.61,1934.72,75.13,7.921,1.788,1.151
7/12/2021,T9,2019-03-19,T9_6_(1)_19Mar19,5.54,100,31.7128,2194.59,2047.01,347.77,18.13,1919.74,109.14,8.077,2.533,1.634
7/12/2021,T9,2019-03-19,T9_6_(2)_19Mar19,5.54,100,31.7128,2179.55,2031.82,343.46,17.9,1905.09,108.83,8.079,2.526,1.629
7/12/2021,T9,2019-03-19,T9_6_(3)_19Mar19,5.54,100,31.7128,2220.05,2059.51,325.08,16.95,1925.15,117.42,8.108,2.725,1.758
7/12/2021,T6,2019-05-12,T6_5_0m_(1)_12May19,6.5935,0,31.8176,2247.37,2100.45,381.91,19.17,1970.68,110.6,8.056,2.617,1.689
7/12/2021,T6,2019-05-12,T6_5_0m_(2)_12May19,6.5935,0,31.8176,2235.63,2082.23,362.49,18.19,1949.94,114.09,8.074,2.699,1.742
7/12/2021,T6,2019-05-12,T6_5_0m_(3)_12May19,6.5935,0,31.8176,2215.05,2062.74,359.5,18.04,1931.79,112.91,8.074,2.671,1.724
7/12/2021,T6,2019-05-12,T6_5_(1)_12May19,6.5074,98,31.8702,2221.02,2047.38,313.07,15.76,1906.15,125.47,8.123,2.91,1.88
7/12/2021,T6,2019-05-12,T6_5_(2)_12May19,6.5074,98,31.8702,2221.57,2056.19,330.27,16.62,1919.02,120.55,8.103,2.796,1.806
7/12/2021,T6,2019-05-12,T6_5_(3)_12May19,6.5074,98,31.8702,2209.55,2041.45,321.47,16.18,1903.42,121.84,8.111,2.826,1.826
9/2/2021,T4,2019-05-14,T4_3_0m_(1)_14May19,6.91535,0,31.6903,2189.49,2066.14,436.43,21.68,1948.64,95.82,7.994,2.269,1.465
9/2/2021,T4,2019-05-14,T4_3_0m_(2)_14May19,6.91535,0,31.6903,2162.51,2019.99,373.22,18.54,1895.44,106.01,8.05,2.51,1.621
9/2/2021,T4,2019-05-14,T4_3_0m_(3)_14May19,6.91535,0,31.6903,2166.24,2014.57,351.48,17.46,1885.7,111.42,8.074,2.638,1.704
9/2/2021,T9,2019-05-14,T9_6_(1)_14May19,6.3863,95,31.8703,2209.96,2057.69,355.06,17.95,1927.28,112.47,8.073,2.61,1.686
9/2/2021,T9,2019-05-14,T9_6_(2)_14May19,6.3863,95,31.8703,2207.34,2094.02,466.74,23.59,1980.12,90.31,7.966,2.096,1.354
9/2/2021,T9,2019-05-14,T9_6_(3)_14May19,6.3863,95,31.8703,2210.99,2063.8,367.75,18.59,1935.68,109.53,8.059,2.542,1.642
9/2/2021,T9,2019-05-14,T9_6_(1)_0m_14May19,8.7639,0,29.5503,2048.31,1859.97,255.55,12.06,1715.39,132.52,8.181,3.198,2.072
9/2/2021,T9,2019-05-14,T9_6_(2)_0m_14May19,8.7639,0,29.5503,2066.25,1845.41,212.44,10.03,1682.11,153.28,8.253,3.699,2.397
9/2/2021,T9,2019-05-14,T9_6_(3)_0m_14May19,8.7639,0,29.5503,2082.89,1876.82,235.88,11.13,1721.16,144.53,8.217,3.488,2.26
9/2/2021,T9,2019-06-19,T9_6_(1)_0m_19June19,11.4299,0,28.9123,1999.08,1821.57,288.94,12.53,1683.05,125.99,8.129,3.063,1.995
9/2/2021,T9,2019-06-19,T9_6_(2)_0m_19June19,11.4299,0,28.9123,2021.06,1830.07,269.91,11.7,1683.44,134.93,8.159,3.281,2.136
9/2/2021,T9,2019-06-19,T9_6_(3)_0m_19June19,11.4299,0,28.9123,2053.47,1890.97,335.42,14.54,1758.01,118.41,8.083,2.879,1.875
9/3/2021,T9,2019-06-19,T9_6_(1)_19June19,6.957,98,31.7384,2178.88,2030.14,362.72,17.98,1902.3,109.85,8.06,2.551,1.649
9/3/2021,T9,2019-06-19,T9_6_(2)_19June19,6.957,98,31.7384,2199.88,2034.16,329.23,16.32,1897.43,120.41,8.101,2.796,1.808
9/3/2021,T9,2019-06-19,T9_6_(3)_19June19,6.957,98,31.7384,2185.79,2043.46,381.07,18.89,1918.24,106.32,8.042,2.469,1.596
9/3/2021,KB03,2019-06-19,KB03_0m_(1)_19June19,10.0513,0,31.4108,2142.78,1878.46,198.86,8.89,1688.2,181.37,8.284,4.307,2.798
9/3/2021,KB03,2019-06-19,KB03_0m_(2)_19June19,10.0513,0,31.4108,2143.22,1897.06,219.72,9.83,1717.36,169.87,8.248,4.034,2.62
9/3/2021,KB03,2019-06-19,KB03_0m_(3)_19June19,10.0513,0,31.4108,2118.61,1881.63,226.18,10.11,1708.24,163.27,8.233,3.877,2.518
9/3/2021,KB03,2019-06-19,KB03_(1)_19June19,7.1856,101,31.7433,2192.48,2027.04,331.23,16.29,1890.64,120.1,8.097,2.787,1.803
9/3/2021,KB03,2019-06-19,KB03_(2)_19June19,7.1856,101,31.7433,2175.05,2014.86,338.21,16.64,1881.72,116.51,8.086,2.704,1.749
9/3/2021,KB03,2019-06-19,KB03_(3)_19June19,7.1856,101,31.7433,2178.66,2019.06,340.49,16.75,1886.04,116.27,8.084,2.698,1.745
9/3/2021,KB03,2019-07-23,KB03_0m_(1)_23July19,13.7184,0,29.7582,1983.74,1843.24,415.17,16.66,1723.07,103.51,7.987,2.502,1.636
9/3/2021,KB03,2019-07-23,KB03_0m_(2)_23July19,13.7184,0,29.7582,1998.2,1866.67,448.92,18.01,1749.92,98.73,7.96,2.386,1.56
9/3/2021,KB03,2019-07-23,KB03_0m_(3)_23July19,13.7184,0,29.7582,2022.25,1947.86,723.4,29.03,1850.33,68.5,7.777,1.656,1.083
9/3/2021,KB03,2019-07-23,KB03_(1)_23July19,8.8499,101,31.8688,2197.56,2046.38,393.75,18.28,1915.79,112.32,8.033,2.605,1.69
9/3/2021,KB03,2019-07-23,KB03_(2)_23July19,8.8499,101,31.8688,2213.92,2061.36,395.01,18.34,1929.47,113.56,8.035,2.634,1.709
9/3/2021,KB03,2019-07-23,KB03_(3)_23July19,8.8499,101,31.8688,2196.75,2049.89,405.16,18.81,1921.3,109.78,8.022,2.546,1.652
9/9/2021,T9,2019-09-16,T9_6_0m_(1)_16Sept19,11.2365,0,27.957,1834.7,1692.52,308.63,13.54,1577.99,100.98,8.073,2.477,1.613
9/9/2021,T9,2019-09-16,T9_6_0m_(2)_16Sept19,11.2365,0,27.957,1831.35,1748.38,505.75,22.19,1658.15,68.04,7.88,1.669,1.087
9/9/2021,T9,2019-09-16,T9_6_0m_(3)_16Sept19,11.2365,0,27.957,1815.6,1715.15,426.85,18.73,1619.52,76.91,7.944,1.887,1.228
9/9/2021,T9,2019-09-16,T9_6_80m_(1)_16Sept19,10.732,80,31.1374,2177.34,1976.75,300.73,13.17,1820.76,142.82,8.136,3.351,2.181
9/9/2021,T9,2019-09-16,T9_6_80m_(3)_16Sept19,10.732,80,31.1374,2198.29,2029.11,371.96,16.29,1888.59,124.23,8.06,2.915,1.897
9/10/2021,T9,2019-11-15,T9_6_0m_(1)_15Nov19,7.8244,0,30.4089,2042.53,1922.09,402.21,19.5,1811.22,91.36,8.003,2.188,1.415
9/10/2021,T9,2019-11-15,T9_6_0m_(2)_15Nov19,7.8244,0,30.4089,2054.22,1957.66,490.17,23.77,1855.24,78.66,7.928,1.883,1.218
9/10/2021,T9,2019-11-15,T9_6_0m_(3)_15Nov19,7.8244,0,30.4089,2051.9,1929.05,397.78,19.29,1816.81,92.95,8.009,2.226,1.44
9/10/2021,T9,2019-11-15,T9_6_100m_(1)_15Nov19,8.6548,100,30.8247,2147.03,2034.69,483.65,22.74,1922.52,89.43,7.946,2.094,1.358
9/10/2021,T9,2019-11-15,T9_6_100m_(2)_15Nov19,8.6548,100,30.8247,2266.03,2102.57,369.38,17.37,1963.12,122.09,8.073,2.858,1.854
9/10/2021,T9,2019-11-15,T9_6_100m_(3)_15Nov19,8.6548,100,30.8247,2159.7,2043.43,473.81,22.28,1929.22,91.92,7.957,2.152,1.396
9/10/2021,KB03,2019-11-15,KB03_0m_(1)_15Nov19,7.52455,0,30.1941,2124.12,1988.66,376.29,18.46,1868.17,102.03,8.045,2.448,1.582
9/10/2021,KB03,2019-11-15,KB03_0m_(2)_15Nov19,7.52455,0,30.1941,2143.98,2018.44,410.66,20.14,1901.45,96.85,8.015,2.323,1.502
9/10/2021,KB03,2019-11-15,KB03_0m_(3)_15Nov19,7.52455,0,30.1941,2118.95,1991.36,396.95,19.47,1874.52,97.38,8.023,2.336,1.51
9/10/2021,KB03,2019-11-15,KB03_105m_(1)_15Nov19,8.6249,105,30.7524,2160.78,2009.95,369.22,17.38,1880.79,111.78,8.054,2.616,1.697
9/10/2021,KB03,2019-11-15,KB03_105m_(2)_15Nov19,8.6249,105,30.7524,2132.79,1982.13,361.59,17.03,1854.17,110.93,8.057,2.596,1.684
9/10/2021,KB03,2019-11-15,KB03_105m_(3)_15Nov19,8.6249,105,30.7524,2138.4,1992.33,374.92,17.65,1866.29,108.39,8.044,2.537,1.645
9/10/2021,T9,2019-12-12,T9_6_0m_(1)_12Dec19,6.9325,0,30.0066,2073.99,1989.49,523.99,26.27,1890.5,72.72,7.905,1.747,1.128
9/10/2021,T9,2019-12-12,T9_6_0m_(2)_12Dec19,6.9325,0,30.0066,2087.77,1994.7,492.61,24.69,1892.48,77.52,7.932,1.863,1.203
9/10/2021,T9,2019-12-12,T9_6_0m_(3)_12Dec19,6.9325,0,30.0066,2105.49,1972.78,367.08,18.4,1854.48,99.89,8.051,2.4,1.55
9/10/2021,T9,2019-12-12,T9_6_104m_(1)_12Dec19,7.4388,104,31.3519,2214.73,2062.24,367.37,17.95,1930.89,113.39,8.063,2.639,1.708
9/10/2021,T9,2019-12-12,T9_6_104m_(2)_12Dec19,7.4388,104,31.3519,2159.33,2026.93,405.01,19.79,1906.83,100.31,8.015,2.334,1.511
9/10/2021,T9,2019-12-12,T9_6_104m_(3)_12Dec19,7.4388,104,31.3519,2202.94,2064.06,399.65,19.53,1939.38,105.15,8.028,2.447,1.584
9/13/2021,KB03,2019-12-12,KB03_0m_(1)_12Dec19,7.3131,0,30.9126,2191.06,2064.21,424.97,20.91,1944.97,98.33,8.008,2.344,1.515
9/13/2021,KB03,2019-12-12,KB03_0m_(2)_12Dec19,7.3131,0,30.9126,2167.06,2032.83,395.93,19.48,1911.41,101.94,8.031,2.43,1.57
9/13/2021,KB03,2019-12-12,KB03_0m_(3)_12Dec19,7.3131,0,30.9126,2184.54,2050.38,401.34,19.75,1928.29,102.34,8.029,2.44,1.577
9/13/2021,KB03,2019-12-12,KB03_109m_(1)_12Dec19,7.4903,109,31.3764,2149.18,2039.26,476.04,23.22,1928.52,87.53,7.95,2.035,1.317
9/13/2021,KB03,2019-12-12,KB03_109m_(2)_12Dec19,7.4903,109,31.3764,2164.13,2018.19,370.58,18.07,1891.91,108.21,8.05,2.515,1.628
9/13/2021,KB03,2019-12-12,KB03_109m_(3)_12Dec19,7.4903,109,31.3764,2166.61,2067.91,525.43,25.63,1960.34,81.94,7.914,1.905,1.233
9/13/2021,KB03,2020-02-06,KB03_0m_(1)_6Feb20,3.1442,0,31.8034,2164.09,2061.56,427.26,24.29,1954.62,82.64,7.992,1.957,1.255
9/13/2021,KB03,2020-02-06,KB03_0m_(2)_6Feb20,3.1442,0,31.8034,2168.73,2047.87,372.88,21.2,1933.96,92.71,8.046,2.196,1.408
9/13/2021,KB03,2020-02-06,KB03_0m_(3)_6Feb20,3.1442,0,31.8034,2172.55,2158.34,913.7,51.94,2063.33,43.06,7.685,1.02,0.654
9/13/2021,KB03,2020-02-06,KB03_112m_(1)_6Feb20,4.39,112,31.834,2195.68,2070.75,389.49,21.15,1953.8,95.8,8.031,2.216,1.426
9/13/2021,KB03,2020-02-06,KB03_112m_(2)_6Feb20,4.39,112,31.834,2187.92,2050.69,354.64,19.26,1928.89,102.55,8.066,2.372,1.527
9/13/2021,KB03,2020-02-06,KB03_112m_(3)_6Feb20,4.39,112,31.834,2183.21,2045.67,352.62,19.15,1923.92,102.61,8.067,2.373,1.527
9/15/2021,T4,2020-07-23,T4_4_0m_(1)_23Jul20,10.2349,0,31.5309,2134.54,1964.81,348.66,15.49,1826.88,122.44,8.075,2.905,1.887
9/15/2021,T4,2020-07-23,T4_4_0m_(2)_23Jul20,10.2349,0,31.5309,2127.88,1967.72,369.38,16.41,1834.74,116.57,8.052,2.765,1.797
9/15/2021,T4,2020-07-23,T4_4_0m_(3)_23Jul20,10.2349,0,31.5309,2129.62,1960.36,348.34,15.47,1822.87,122.02,8.074,2.895,1.881
9/15/2021,T4,2020-07-23,T4_4_85m_(1)_23Jul20,8.018,85,31.9296,2192.19,2032.79,358.89,17.13,1898.94,116.71,8.068,2.713,1.758
9/15/2021,T4,2020-07-23,T4_4_85m_(2)_23Jul20,8.018,85,31.9296,2146.5,2012.47,412.43,19.69,1891.97,100.81,8.006,2.344,1.518
9/15/2021,T4,2020-07-23,T4_4_85m_(3)_23Jul20,8.018,85,31.9296,2181.37,2037.08,394.09,18.81,1910.66,107.6,8.03,2.501,1.62
9/15/2021,T6,2020-07-24,T6_4_0m_(1)_24Jul20,10.3512,0,31.6398,2116.67,1968.41,399.94,17.68,1841.47,109.26,8.019,2.59,1.683
9/15/2021,T6,2020-07-24,T6_4_0m_(2)_24Jul20,10.3512,0,31.6398,2112.69,1929.91,317.29,14.03,1786.29,129.59,8.106,3.071,1.996
9/15/2021,T6,2020-07-24,T6_4_0m_(3)_24Jul20,10.3512,0,31.6398,2137.43,1954.29,323.22,14.29,1809.46,130.53,8.104,3.094,2.011
9/15/2021,T6,2020-07-24,T6_4_110m_(1)_24Jul20,8.1011,110,31.7416,2058.15,2080.85,1477.57,70.42,1979.64,30.79,7.47,0.713,0.462
9/15/2021,T6,2020-07-24,T6_4_110m_(2)_24Jul20,8.1011,110,31.7416,2161.16,2021.62,400.5,19.09,1898.11,104.42,8.019,2.42,1.568
9/15/2021,T6,2020-07-24,T6_4_110m_(3)_24Jul20,8.1011,110,31.7416,2162.84,2023.83,402.5,19.18,1900.49,104.16,8.017,2.414,1.564
9/15/2021,KB03,2020-08-14,KB03_0m_(1)_14Aug20,12.8879,0,30.7302,2083.63,1883.55,301.5,12.35,1730.2,141,8.124,3.374,2.203
9/15/2021,KB03,2020-08-14,KB03_0m_(2)_14Aug20,12.8879,0,30.7302,2090.83,1884.38,291.88,11.95,1727.27,145.16,8.137,3.474,2.268
9/15/2021,KB03,2020-08-14,KB03_0m_(3)_14Aug20,12.8879,0,30.7302,2083.58,1879.54,294.26,12.05,1724.04,143.45,8.133,3.433,2.241
9/15/2021,KB03,2020-08-14,KB03_109m_(1)_14Aug20,9.3776,109,31.6043,2110.85,2024.01,604.91,27.63,1921.44,74.94,7.85,1.74,1.13
9/15/2021,KB03,2020-08-14,KB03_109m_(2)_14Aug20,9.3776,109,31.6043,2111.19,1979.73,429.53,19.62,1861.1,99.01,7.985,2.299,1.493
9/15/2021,KB03,2020-08-14,KB03_109m_(3)_14Aug20,9.3776,109,31.6043,2141.47,1985.93,371.72,16.98,1855.26,113.69,8.046,2.64,1.715
9/15/2021,T9,2020-08-14,T9_6_0m_(1)_14Aug20,14.3205,0,25.0572,1612.58,1512.34,373.11,15.09,1423.08,74.17,7.962,1.882,1.232
9/15/2021,T9,2020-08-14,T9_6_0m_(2)_14Aug20,14.3205,0,25.0572,1604.31,1496.79,345.72,13.98,1404.81,78,7.989,1.979,1.295
9/15/2021,T9,2020-08-14,T9_6_0m_(3)_14Aug20,14.3205,0,25.0572,1601.76,1470.94,280.38,11.34,1368.35,91.25,8.069,2.315,1.515
9/15/2021,T9,2020-08-14,T9_6_101m_(1)_14Aug20,9.4892,101,31.578,2163.64,2018.34,407.24,18.54,1891.42,108.38,8.016,2.521,1.638
9/15/2021,T9,2020-08-14,T9_6_101m_(2)_14Aug20,9.4892,101,31.578,2146.41,1993.84,382.33,17.4,1864.28,112.16,8.037,2.609,1.695
9/15/2021,T9,2020-08-14,T9_6_101m_(3)_14Aug20,9.4892,101,31.578,2133.43,2015.05,482.74,21.97,1900.74,92.34,7.944,2.148,1.395
9/16/2021,KB03,2020-09-20,KB03_0m_(1)_20Sept20,11.2388,0,30.4991,2085.66,1928.71,370.27,16.01,1798.09,114.6,8.047,2.746,1.787
9/16/2021,KB03,2020-09-20,KB03_0m_(2)_20Sept20,11.2388,0,30.4991,2129.29,1953.63,339.12,14.66,1811.9,127.06,8.088,3.044,1.981
9/16/2021,KB03,2020-09-20,KB03_0m_(3)_20Sept20,11.2388,0,30.4991,2107.71,1931.99,332.92,14.39,1791.12,126.48,8.091,3.03,1.972
9/16/2021,KB03,2020-09-20,KB03_102m_(1)_20Sept20,10.7139,102,30.893,2141.53,1988.44,392.62,17.23,1857.99,113.22,8.029,2.651,1.726
9/16/2021,KB03,2020-09-20,KB03_102m_(2)_20Sept20,10.7139,102,30.893,2145.06,2000.04,416.13,18.26,1873.2,108.58,8.007,2.543,1.656
9/16/2021,KB03,2020-09-20,KB03_102m_(3)_20Sept20,10.7139,102,30.893,2151.56,1997.56,393.33,17.26,1866.28,114.02,8.03,2.67,1.739
9/16/2021,T9,2020-10-15,T9_6_0m_(1)_15Oct20,10.2759,0,29.4861,1976.66,1843.29,374.47,16.81,1728.2,98.28,8.023,2.375,1.543
9/16/2021,T9,2020-10-15,T9_6_0m_(2)_15Oct20,10.2759,0,29.4861,1987.56,1873.64,439,19.7,1766.36,87.58,7.964,2.116,1.375
9/16/2021,T9,2020-10-15,T9_6_0m_(3)_15Oct20,10.2759,0,29.4861,1971.11,1836.42,369.05,16.56,1720.97,98.89,8.028,2.39,1.553
9/16/2021,T9,2020-10-15,T9_6_98m_(1)_15Oct20,10.4222,98,30.6798,2103.47,1989.74,497.43,22.07,1877.95,89.73,7.93,2.106,1.371
9/16/2021,T9,2020-10-15,T9_6_98m_(2)_15Oct20,10.4222,98,30.6798,2122.12,1984.1,421.88,18.71,1861.44,103.95,7.998,2.44,1.588
9/16/2021,T9,2020-10-15,T9_6_98m_(3)_15Oct20,10.4222,98,30.6798,2110.63,1978.84,437.27,19.4,1859.37,100.07,7.982,2.349,1.529
9/16/2021,KB03,2020-10-15,KB03_0m_(1)_15Oct20,9.9109,0,30.1868,2060.2,1928.35,406.56,18.39,1810.9,99.06,8.005,2.378,1.544
9/16/2021,KB03,2020-10-15,KB03_0m_(2)_15Oct20,9.9109,0,30.1868,2042.83,1929.25,460.6,20.84,1820.09,88.32,7.953,2.121,1.377
9/16/2021,KB03,2020-10-15,KB03_0m_(3)_15Oct20,9.9109,0,30.1868,2044.69,1906.69,383.84,17.37,1787.14,102.18,8.025,2.453,1.593
9/16/2021,KB03,2020-10-15,KB03_104m_(1)_15Oct20,10.4703,104,30.6464,2102.76,1992.91,512.73,22.71,1882.59,87.61,7.918,2.055,1.338
9/16/2021,KB03,2020-10-15,KB03_104m_(2)_15Oct20,10.4703,104,30.6464,2118.98,1983.55,429.19,19.01,1862.14,102.4,7.99,2.402,1.563
9/16/2021,KB03,2020-10-15,KB03_104m_(3)_15Oct20,10.4703,104,30.6464,2096.35,1965.59,436.23,19.32,1847.14,99.13,7.98,2.325,1.513
9/17/2021,KB03,2021-01-13,KB03_0m_(1)_13Jan21,5.7895,0,31.3027,2160.9,2032.28,388.14,20.1,1914.3,97.88,8.034,2.326,1.499
9/17/2021,KB03,2021-01-13,KB03_0m_(2)_13Jan21,5.7895,0,31.3027,2121.38,2001.14,400.98,20.77,1888.19,92.18,8.014,2.19,1.412
9/17/2021,KB03,2021-01-13,KB03_0m_(3)_13Jan21,5.7895,0,31.3027,2096.79,1990.54,438.45,22.71,1883.91,83.92,7.974,1.994,1.285
9/17/2021,KB03,2021-01-13,KB03_106m_(1)_13Jan21,5.7771,106,31.3127,2130.19,1998.56,370.53,19.2,1880.75,98.61,8.042,2.294,1.48
9/17/2021,KB03,2021-01-13,KB03_106m_(2)_13Jan21,5.7771,106,31.3127,2143.88,2008.68,364.91,18.91,1888.79,100.99,8.05,2.349,1.516
9/17/2021,KB03,2021-01-13,KB03_106m_(3)_13Jan21,5.7771,106,31.3127,2112.9,1991.04,393.08,20.37,1878,92.68,8.016,2.156,1.391
9/17/2021,T9,2021-01-13,T9_6_0m_(1)_13Jan21,5.3297,0,31.1333,2092.65,2023.23,578.76,30.5,1927.79,64.93,7.863,1.545,0.995
9/17/2021,T9,2021-01-13,T9_6_0m_(2)_13Jan21,5.3297,0,31.1333,2098.46,1994.37,435.96,22.98,1888.66,82.74,7.977,1.969,1.268
9/17/2021,T9,2021-01-13,T9_6_0m_(3)_13Jan21,5.3297,0,31.1333,2073.27,1984.94,486.68,25.65,1885.43,73.86,7.928,1.758,1.132
9/17/2021,T9,2021-01-13,T9_6_99m_(1)_13Jan21,5.8334,99,31.3097,2124.65,1996.2,378.57,19.58,1879.92,96.7,8.033,2.253,1.453
9/17/2021,T9,2021-01-13,T9_6_99m_(2)_13Jan21,5.8334,99,31.3097,2134.04,2017.65,417.04,21.56,1905.87,90.22,7.997,2.102,1.356
9/17/2021,T9,2021-01-13,T9_6_99m_(3)_13Jan21,5.8334,99,31.3097,2147.94,2027.35,408.2,21.11,1913.34,92.9,8.008,2.164,1.396
9/17/2021,T6,2021-02-16,T6_4_0m_(1)_16Feb21,5.0768,0,31.498,2080.35,1914.89,274.41,14.56,1783.64,116.7,8.151,2.769,1.782
9/17/2021,T6,2021-02-16,T6_4_0m_(2)_16Feb21,5.0768,0,31.498,2076.76,2055.39,882.81,46.85,1964.54,44,7.686,1.044,0.672
9/17/2021,T6,2021-02-16,T6_4_0m_(3)_16Feb21,5.0768,0,31.498,2061.5,2089.3,372.76,72.85,1987.49,28.96,7.499,0.687,0.442
9/17/2021,T6,2021-02-16,T6_4_101m_(1)_16Feb21,5.1276,101,31.5293,2110.79,2012.9,461.91,24.46,1909.04,79.4,7.95,1.845,1.189
9/17/2021,T6,2021-02-16,T6_4_101m_(2)_16Feb21,5.1276,101,31.5293,2177.85,2049.34,383.93,20.33,1931.25,97.76,8.036,2.272,1.464
9/17/2021,T6,2021-02-16,T6_4_101m_(3)_16Feb21,5.1276,101,31.5293,2127.97,2004.97,385.31,20.41,1891.16,93.41,8.025,2.171,1.399
9/20/2021,AB,2021-02-16,AB_03_0m_(1)_16Feb21,4.8633,0,31.4757,2128.69,2014.05,405.8,21.7,1903.42,88.93,8.009,2.11,1.358
9/20/2021,AB,2021-02-16,AB_03_0m_(2)_16Feb21,4.8633,0,31.4757,2126.53,2028.91,462.64,24.74,1924.43,79.73,7.957,1.892,1.217
9/20/2021,AB,2021-02-16,AB_03_0m_(3)_16Feb21,4.8633,0,31.4757,2123.37,2009.31,406.04,21.72,1899.12,88.47,8.008,2.1,1.351
9/20/2021,AB,2021-02-16,AB_03_105m_(1)_16Feb21,4.7838,105,31.6037,2093.48,2014.74,527.54,28.28,1917.37,69.09,7.893,1.604,1.033
9/20/2021,AB,2021-02-16,AB_03_105m_(2)_16Feb21,4.7838,105,31.6037,2146.09,2039.01,434.75,23.3,1930.7,85.01,7.98,1.973,1.271
9/20/2021,AB,2021-02-16,AB_03_105m_(3)_16Feb21,4.7838,105,31.6037,2158.15,2067.39,498.55,26.72,1963.96,76.71,7.928,1.78,1.146
9/20/2021,T9,2021-03-23,T9_6_0m_(1)_23Mar21,1.7585,0,30.133,2158.84,2067.13,419.19,25.36,1964.8,76.97,8,1.849,1.182
9/20/2021,T9,2021-03-23,T9_6_0m_(2)_23Mar21,1.7585,0,30.133,2148.18,2037.13,356.74,21.58,1928.43,87.13,8.062,2.093,1.338
9/20/2021,T9,2021-03-23,T9_6_0m_(3)_23Mar21,1.7585,0,30.133,2168.35,2069.9,399.57,24.17,1964.97,80.76,8.021,1.94,1.241
9/20/2021,T9,2021-03-23,T9_6_100m_(1)_23Mar21,3.7949,100,31.716,2182.46,2056.89,373.05,20.71,1940.45,95.73,8.045,2.222,1.428
9/20/2021,T9,2021-03-23,T9_6_100m_(2)_23Mar21,3.7949,100,31.716,2192.91,2068.99,380.42,21.12,1952.8,95.07,8.039,2.207,1.418
9/20/2021,T9,2021-03-23,T9_6_100m_(3)_23Mar21,3.7949,100,31.716,2196.72,2070.36,374.75,20.81,1953.02,96.53,8.046,2.241,1.44
9/20/2021,KB03,2021-03-23,KB03_0m_(1)_23Mar21,3.1129,0,31.1921,2187.38,2069.9,381.06,21.77,1956.57,91.56,8.043,2.179,1.397
9/20/2021,KB03,2021-03-23,KB03_0m_(2)_23Mar21,3.1129,0,31.1921,2160.18,2060.17,427.58,24.43,1954.33,81.41,7.992,1.938,1.242
9/20/2021,KB03,2021-03-23,KB03_0m_(3)_23Mar21,3.1129,0,31.1921,2172.97,2060.86,392.79,22.44,1950.18,88.24,8.028,2.1,1.347
9/20/2021,KB03,2021-03-23,KB03_100m_(1)_23Mar21,3.9191,100,31.7722,2209.31,2080.09,373,20.61,1961.01,98.47,8.05,2.284,1.469
9/20/2021,KB03,2021-03-23,KB03_100m_(2)_23Mar21,3.9191,100,31.7722,2221.06,2094.51,383.44,21.19,1976.06,97.26,8.041,2.256,1.451
9/20/2021,KB03,2021-03-23,KB03_100m_(3)_23Mar21,3.9191,100,31.7722,2196.05,2070.54,379.48,20.97,1953.53,96.05,8.041,2.228,1.433
9/20/2021,AB03,2021-04-16,AB03_0m_(1)_16Apr21,4.4423,0,29.7325,2201.53,2077.48,374.63,20.56,1960.2,96.73,8.058,2.329,1.497
9/20/2021,AB03,2021-04-16,AB03_0m_(2)_16Apr21,4.4423,0,29.7325,2206.17,2088.39,393.78,21.61,1973.51,93.28,8.039,2.246,1.444
9/21/2021,AB03,2021-04-16,AB03_82m_(1)_16Apr21,3.7082,82,31.8,2170.63,2042.65,362.87,20.2,1925.7,96.74,8.054,2.252,1.447
9/21/2021,AB03,2021-04-16,AB03_82m_(2)_16Apr21,3.7082,82,31.9,2196.8,2069.63,372.99,20.76,1951.97,96.9,8.048,2.254,1.448
9/21/2021,AB03,2021-04-16,AB03_82m_(3)_16Apr21,3.7082,82,32,2167.24,2044.45,377.89,21.02,1929.77,93.67,8.037,2.177,1.399
9/21/2021,T9,2021-04-16,T9_6_0m_(1)_16Apr21,3.8029,0,31.3,2173.76,2060.98,404.11,22.49,1949.7,88.79,8.018,2.111,1.355
9/21/2021,T9,2021-04-16,T9_6_0m_(2)_16Apr21,3.8029,0,31.2,2133.26,2030.08,421.95,23.5,1923.95,82.64,7.993,1.966,1.262
9/21/2021,T9,2021-04-16,T9_6_0m_(3)_16Apr21,3.8029,0,31.3,2132.28,2033.18,436.56,24.29,1928.48,80.41,7.98,1.912,1.227
9/21/2021,T9,2021-04-16,T9_6_97m_(1)_16Apr21,3.688,97,32,2189.47,2064.09,376.39,20.95,1947.5,95.64,8.042,2.216,1.424
9/21/2021,T9,2021-04-16,T9_6_97m_(2)_16Apr21,3.688,97,32,2178.83,2056,380.55,21.18,1940.87,93.95,8.036,2.177,1.399
9/21/2021,T9,2021-04-16,T9_6_97m_(3)_16Apr21,3.688,97,32,2198.3,2067.72,364.86,20.31,1948.64,98.77,8.056,2.289,1.471
9/23/2021,AB06,2021-06-21,AB06_0m_(1)_21June21,11.3287,0,27.6618,1911.22,1782.83,366.49,16.06,1671.47,95.3,8.025,2.345,1.527
9/23/2021,AB06,2021-06-21,AB06_0m_(2)_21June21,11.3287,0,27.6618,1860.59,1757.17,430.51,18.86,1658.43,79.87,7.951,1.965,1.279
9/23/2021,AB06,2021-06-21,AB06_0m_(3)_21June21,11.3287,0,27.6618,1883.55,1747.97,338.21,14.82,1634.41,98.74,8.05,2.43,1.582
9/23/2021,AB06,2021-06-21,AB06_100m_(1)_21June21,5.5795,100,31.6899,2141.14,2026.92,425.44,22.15,1915.8,88.97,7.989,2.065,1.332
9/23/2021,AB06,2021-06-21,AB06_100m_(2)_21June21,5.5795,100,31.6899,2152.86,2032.04,408.38,21.26,1917.89,92.89,8.007,2.156,1.391
9/23/2021,AB06,2021-06-21,AB06_100m_(3)_21June21,5.5795,100,31.6899,2144.6,2014.32,378.69,19.72,1896.64,97.96,8.035,2.274,1.467
9/23/2021,AB03,2021-06-21,AB03_0m_(1)_21June21,9.681,0,31.0349,2115.93,1886.58,229.54,10.41,1717.44,158.72,8.229,3.782,2.455
9/23/2021,AB03,2021-06-21,AB03_0m_(2)_21June21,9.681,0,31.0349,2106.8,1875.58,225.19,10.22,1705.77,159.59,8.234,3.802,2.468
9/23/2021,AB03,2021-06-21,AB03_0m_(2)_21June21,9.681,0,31.0349,2104.95,1878.12,230.58,10.46,1710.86,156.79,8.225,3.736,2.425
9/23/2021,AB03,2021-06-21,AB03_100m_(1)_21June21,6.0044,100,31.7876,2127.39,2023.75,466.6,23.91,1916.82,83.01,7.95,1.926,1.243
9/23/2021,AB03,2021-06-21,AB03_100m_(2)_21June21,6.0044,100,31.7876,2191.24,2053.9,380.74,19.51,1931.13,103.26,8.042,2.395,1.546
9/23/2021,AB03,2021-06-21,AB03_100m_(3)_21June21,6.0044,100,31.7876,2146.49,2023.17,407.42,20.88,1908.08,94.2,8.007,2.185,1.411